PC1,PC2,PC3,PC4,PC5,PC6,PC7,PC8,track_id
-5.137383877498601,1.7923042069182997,0.4306281401030609,-0.3058379067740469,0.6744790577181876,-0.8140342403594765,-0.9640128166744649,-0.07959011655547989,19830553
8.835811931106797,-0.39282106122317423,-0.5326238901908102,0.9789136893825114,-0.47608653768637904,2.471898385284659,0.6703295275271822,0.7934339409300755,20010049
13.338190884937097,0.6990411756134287,-0.6645736586357626,-1.5624738793209392,-2.688739908790548,-0.2614339393350156,-2.554805414231353,-0.396676763471264,20040961
-2.552561947068916,-1.9658659143118389,-1.0087333711729445,0.3897757745532083,0.6381537632178687,-1.0316443628246437,-0.4579250130862652,-0.44608553816517627,20060246
-1.1912962106117553,-3.082095088061309,2.159204986694308,-3.4191725873340957,1.0748835046851746,1.7159616131384374,1.192157797576028,-0.043663036551251616,20001048
-0.6440428187503425,-0.7110722223527902,-1.9962549080540775,1.366011743631348,0.27695120415015584,0.9958703542249245,-1.3235531738088717,-1.368582711321807,20120277
0.1271880649615076,-3.8138867729932073,1.9220798595982913,3.8190623434866504,0.6670357977050364,1.6710739594158632,-1.4478772743583568,2.3392782607296883,20040811
-2.2225776127348778,-2.868803442921579,0.1359439011303866,-2.0720516388733308,-2.4270052697143103,-0.5302662272119775,-0.5923409413790013,-1.5156484338064797,20060214
1.6078792868383287,1.4448780625504254,-1.4618622318908363,0.20113734613402,0.19323407018581734,-1.8718207189585805,0.5516660308777497,-1.5934439189061398,19840080
4.189074802992044,0.8135368003413261,3.990609397777269,0.5868971590621095,0.7296806500801726,1.3502751486469107,-0.18159087430705179,-0.7120783790504949,19950393
6.970870935808793,3.2479815045158102,-1.1478430917977063,0.9930539104329834,1.4435241211624927,-3.5736519612729216,1.6047414882867548,-0.357991721747474,20000705
-5.476415357415581,-0.7088315884468719,-2.0532166553582476,-0.8602414025373123,-0.3952704024907202,-1.0355658005767219,-0.31525899356741904,-0.18170916933406156,19990663
-1.6910263321890504,1.2547057364655931,-2.4250641328351152,0.046646322477841645,-0.08202209209280764,0.7662065612599521,-1.0019849546898945,-0.22576571155716443,19981031
-4.382390777180852,-3.267479368865748,1.0147466480692364,-1.2416309560625403,-1.3984345221089733,-2.131100829100381,-0.06828005012693927,-0.6222415919567594,19800938
1.0879231347278635,1.9523418271087705,-3.9095408214597644,0.5523326021066972,3.1104870618194482,1.0486510670673954,0.45502832829204626,-0.19205737938365988,19900203
-6.398257309490397,0.09824084506305586,-0.8705584325057981,0.3853354486417738,-0.19562385957876785,1.17199248136498,-0.7524656538228514,-0.4145142294384841,19920989
4.603252588682069,-2.519523172068143,8.764764449873903,0.9162146790319867,3.3112762112296807,-0.6964561924120727,-0.49440292802971497,2.110550638160693,20090362
11.112002756514869,3.1019852301965645,1.7023059404743008,2.4516360221789126,-5.6374622886167645,2.4764984004839463,1.2506933213447262,1.4903580350336236,19901102
-6.401587102674514,-0.7416436269117209,-1.215110473036657,1.2549331059941569,-0.46903511378391405,-0.15612088816408332,-0.9506392484114193,-0.6600520733166356,19830097
1.304872995176128,1.582376567063229,0.48489530064755787,-0.2379422069091688,-0.6366852751540386,-0.0690767087720006,-1.5235493600972265,0.12151170268351248,19881088
13.596445516454164,4.4440552608476285,6.965735098642664,-0.6857475656915222,-2.350075898908779,1.7516474311517276,-0.42951445811945604,0.2288128121654969,20011072
-2.0522281603669827,-5.774430297937184,2.3615733236705556,-2.2645732702233663,1.5472365672299628,0.30558428594267634,1.2183759285938256,-0.5161688290066688,19801034
-2.0883818981871594,0.07592919659429884,2.6903014035174837,-1.325634792348805,1.8563516308842953,0.12278329312599913,0.9028931349128755,-0.3573718242114752,20070953
-3.0858462457226628,-3.700101788479409,2.359184778410287,0.57176268876102,-1.0150478546417714,-1.6258557100184516,0.3368580057038323,-1.073059464850728,19811049
4.121513377491815,0.44177440633635157,-0.379715671258144,-5.045641492308042,0.008439413766651326,-0.3879587894076172,0.5875264910744663,-0.8351264652103667,20041087
-5.264566882083455,0.19545070606241544,-3.33362256330953,-0.6654555779060586,0.22107269163768412,-1.1236162347207237,-0.18865591517442717,0.31248272075816136,19890558
-7.095230971214352,0.12808650034018101,-2.3716926384845687,-0.1649924303258828,-0.5910709473595179,1.1583921138439295,0.39954225283406847,-0.773096261489376,20208180
-6.438195172027984,-0.7326145615223617,-0.6026443103859453,1.3951440763711749,0.6026745130140709,0.4335633419586718,-0.907835276349027,-0.1954062825330564,20080290
9.085941904961711,4.320929281311382,-1.2865396383506091,-1.5901482048801452,-3.808629087331471,-4.20489634275197,-1.8975269601675615,-0.3848648497655393,20190129
-4.341207490834123,-1.424816177818163,-0.4512380953519357,1.0051020919126905,0.1535012410694377,-0.7699057891668413,0.5654994618102042,0.3731942476145676,20130613
-6.938430795398818,-0.29226222918210604,-1.8429689765452266,0.5985120489454275,-0.4611872302372853,0.16622784541318616,-0.6966357811028124,-0.8215604912108808,20030176
14.87927640101246,-3.0067142284360573,-0.42136062175926525,-0.3634883906604824,-0.5513116575741313,-1.9196733357965037,2.3041266401566007,-0.9303032930638033,19940894
-0.9679911608625577,0.46714662724559075,0.08604596583618028,-0.5965516870369874,0.8896771818796467,-0.8353839755438524,-0.6689128046398256,-0.5391363566910953,20170484
-3.374706170228277,-1.9193864681550734,-3.5276510540599144,0.8075696316064256,-0.14730631958350998,0.6809647731558005,-0.22394941631938098,0.3702344164563556,19990077
5.490719566916228,-1.6259795136215442,3.2484493906632586,-0.7584400279927714,-1.6802813460137844,1.297108287391472,1.813689243951,-0.961993207573483,20150880
-1.541319961601591,0.45622260799764747,-1.3941653935791456,-4.370548847385799,-0.8973571248887785,0.9155846557922362,-0.09090478084059483,0.7516576859793499,19840887
3.7682030800282766,0.40654586409799787,-2.051159652484148,3.553931561068206,-0.37719394430746067,-0.6501011192246552,2.253933992142509,0.0168863341766162,20130977
-5.218948030699777,-1.9957280260500618,-1.5835734285987322,0.9120464624984459,0.46485739941960375,-0.2500240491965264,-1.2223022836320623,-0.785108498138329,19971013
-7.6072829998393106,-1.7721357272614973,-1.6121659516848432,1.7128188760566068,2.0659020317331773,-0.15288575486217376,2.862851922193424,-0.5792601917902097,19970340
-8.24942499581807,8.1411363170447,5.181795598646541,1.6870691664466135,-0.3060972122079826,-0.3537559325919209,-0.08803502836267312,1.2562231878299324,20120859
-5.487903021918607,2.659947758236199,0.1098317192269739,1.2170479512317218,1.4338567309491674,0.1861187262404753,-0.6722731619387933,-0.7183858173471328,19830371
-7.297205437697138,2.4895675148429146,-1.3326148234354733,0.24801181643670395,0.9085312448377605,0.41285546554289276,-0.10555209693397784,-0.7005205869555847,19840181
-0.056827327422715325,2.0246448998139708,-3.518833439382106,0.984375041205386,-1.2522504299961477,2.2411827169558847,1.745260151089393,-1.5005787192760063,19890840
-4.5021684067754455,-0.8699396994880552,-1.2391713771927624,-1.6787568313716792,-0.4412859195578534,1.28679976411944,0.33605578000134706,0.2521542981023496,20100851
-1.0083491832986535,0.4919242883702283,-0.4057508049894733,-0.3470656887570109,-0.6636457902170233,0.28722440037364194,-0.007165404053713547,-1.0143312602760515,19931063
-0.6273381328640275,-2.923666854971463,1.7151352887534497,-0.28314076533441246,1.007061309829012,0.19352863281366844,-1.1728977577633695,-0.4516147346143752,19830929
-4.773081974577445,-0.5070957293329198,-1.235175468004771,0.607108427790671,-0.5211838189236769,-0.07987742111311494,-0.6823595509341258,-0.7883908789230131,20080136
6.729726021287882,1.8519111421868542,-0.7194699595842,-0.522390207362369,1.7554749745573344,1.4748853358078824,-0.23757615638704896,0.23718505333260276,20090346
-4.264248397463574,1.2600683398140773,0.5888686024307932,-2.861077841950632,0.7929378789754769,-4.346805966206573,0.6765740402498011,0.020097994464925738,19840243
-0.7807146192274169,-2.331828117801214,0.28191335422305647,0.48137501981511127,0.8846133901192639,-0.6891830068123637,-0.21025696255013165,0.26724019389490855,20070855
0.9652629973639832,3.7666431154012376,-4.547281159150749,-4.075407418240947,1.8739218300019518,1.45556335333187,-0.5269627575973198,2.192041368724919,19910175
-3.9130698625710707,-4.129436752823922,0.04022409848622005,1.4892839165656258,1.0019152830139888,0.24506723137043038,-0.408772702767693,0.07852528380555117,19890055
7.626948460923334,12.060264916477118,1.382474908582058,-4.5430691710173035,4.906712468868631,1.3267664494936244,-1.989266101906929,-1.1264704775010215,19800460
-1.1201915414283483,0.023376858721351458,-0.29288825747031205,1.5586690467868858,-0.9212796383301578,0.3207275773163632,-1.4901065921302605,-0.2130462982245469,20010078
0.9360638955163568,-10.696692021516107,-0.22055270887250072,2.0868524346153556,4.664224259292215,-1.202779378300492,-1.0916684362676015,2.9367054312724843,20010087
-3.9689294110542876,-1.8012190724650374,0.06418644798606206,1.1594372671351187,0.3815910501443137,-1.3785641878285773,-0.6428429207316311,-0.17522660643029733,19910581
-5.475493320748366,5.95142960629538,1.0115048309833872,-0.5076203014395463,-2.3581473534485937,-0.7336370487126939,1.4523272565771859,0.5032493231429295,19790542
-4.417894270279479,-5.176051748058155,3.131824586735233,-0.15797226439376272,1.3878295918268706,-0.5830425746175892,-0.5390901274089379,-0.15768660157365993,19930454
14.900706300689693,4.12399524153634,1.329119549677388,3.4549151267007536,0.10293327114888308,-1.7268654795664822,3.3020419465195054,0.08769394257216667,19810394
-5.120723614616273,-0.08188848614478011,-4.72518287148356,-2.6023415412592192,-0.11012714572869976,1.648530766372523,1.7231789211048734,0.8670721951038672,20120246
-1.2031212167979146,4.149350293878462,1.06486772342818,-3.4265505411751893,1.6710653143373275,-1.3832502072709218,-0.4076509716079819,1.405185063030078,20205522
4.7777181592746425,-1.9593021774102124,1.0441628718705815,-1.0079376769014814,0.7497655485620852,0.3641977294659917,0.7625143264261738,0.44124413288243386,19920701
6.867600991788788,3.6211444368681085,-6.258639380631516,-5.961720926630166,-1.5842740460048312,-0.8376100970381579,0.8306402752949137,1.5048211773077007,19980488
-5.2073850995533135,-0.37441425179266075,-1.0343250155881356,1.0517216936102105,-0.9880971362724565,-0.4506864472907451,-0.16447280003803094,-0.8233754130332397,19910017
0.8185199334259762,-3.6945644800794066,3.0046784062793535,0.9619164888470454,0.7441416881600764,0.9263003208878456,-1.9904280969001298,1.2073306123583698,19940561
-5.224386339109446,-1.2660500858076416,-1.6751657365706591,-0.4037767260928834,0.140026796437093,-0.36237731610461626,-0.8244292755219428,-0.4818999733611621,19941034
-2.154750464886704,-1.9851278595633222,0.07087390338122418,1.7346587760450851,-2.232090762129138,0.32506945292617556,-0.6686149445342495,0.13890865820752132,19940534
2.573115426467005,-1.697335967481727,0.016823589497345606,-0.1526677343806303,-1.6841227037011315,0.08744943150590236,-0.36211228954556984,-0.7704091553925599,20050533
2.4273298896061952,2.418888089583828,-0.3031334931183576,1.9470507548450495,-0.07089873919267915,1.287005135357939,0.06539941987267057,-0.3293896539422662,19850021
-5.660607491445477,-1.1633047479794567,2.2858345956498667,-2.3078360250502326,0.6268955026172865,-0.8258327034075067,0.046023391372473035,0.2703582781444907,19961096
-11.197505317719038,3.122636936969804,1.7991666198436813,2.3294833780714277,-1.0327842709925958,-0.6679003047723506,1.474388122654141,1.7477875179072926,20160758
1.4319357751258925,-0.7091069597479082,0.4951745890292734,-2.050217021179869,-0.37064444844827654,-0.6599709440900265,0.3050680183818892,-0.33453764122251556,20030862
-3.915100070856997,-4.125587065705341,-1.5405001418778725,-1.2020337629428013,0.6145451790490726,-1.7005741154078815,-0.2880807729780846,-0.44838789831056797,19900544
1.6738560419476443,-3.8081085338377823,-0.590787809147037,-4.414526474000197,1.5988767579822765,1.0814084422799628,0.5361956080915621,-0.5278369849890003,20040035
-1.0374144179308238,4.3790255307482555,-0.7556690284148261,-2.1436159385128937,-0.21404075634871725,-1.727101298620974,-0.19581710076797743,-0.07111977908273141,20060370
-14.878757821105898,2.1983024865459915,1.289214897130735,2.0420104737663123,1.089967849822199,0.5477428506442178,3.513474301864664,1.2777265115641383,20000481
-8.597188924070553,-2.2704339234868898,-0.4964624853330104,-0.47593843930501484,-2.146527510100376,1.9010106993441647,1.9703691041483717,2.7384052492178017,20020423
2.7050262152286075,-0.8624195037669716,-2.2628864306750294,3.7336106561057822,2.200589710180219,1.0388195748552747,-1.0872194968156386,0.2844844528329017,19860146
-2.0741076760706623,0.3931566607452688,-0.3154540966146276,0.8688949128390482,1.6281141724663268,-2.9478662414747947,3.3216547513893144,-0.06238998547209912,19800792
-3.6952746540639367,-0.6832109111087765,-0.5172723021164563,1.5691774347593228,-0.3873797692897369,0.1219486704307226,0.0071302060467742755,-0.4111138336582978,19911009
1.0381418355632337,4.622450821701017,-2.915133872723322,0.4527617342352705,2.574537922636946,-1.7146846823241928,3.21022524919469,-1.495289411106423,20170662
-8.041776286193004,0.47795026308815913,-1.056762646753956,0.6128541968277817,-0.11221932493626326,0.03827870641486156,-0.03996398548286972,-0.5456607812286697,20090191
-5.251488820613325,-2.6167823463789563,-0.03896384024083443,-0.09887465197963964,0.20231198662892216,-1.720861836313449,-0.35221416767189906,-0.5213917772872928,19860141
-4.502375444652831,-0.24924494449520582,-1.9737301280984658,2.0889255355964527,1.2471716975836507,0.33583464256674606,0.6845264853060803,-0.4906388226035851,20050516
6.092000142823444,-3.5915689450447235,0.14510400106193538,0.19877713757103185,0.6480179163568134,-0.8662467035872304,-0.37209481976504766,0.1330334659923757,19860229
2.64406958622208,7.464987545740254,6.961637911889312,0.7634969752110458,1.8592831239666257,4.997411511907193,1.6158841717576045,-3.4845076288535926,19900332
1.1990955983115974,-1.351337836953588,-2.633420062248515,1.1426790330385463,1.4493609388694508,-1.5327709952292146,0.4419695333116374,-0.3056331092149132,19990023
4.550300781099456,1.992251936303996,-1.2622337547252684,-2.4357570804613284,0.9523889801622832,-2.414592594477731,0.774783599426651,-0.21316743504856744,20151050
-2.387682885318877,-1.5997868192583646,3.3582020584456016,0.6031669901016983,-0.7066621833582709,0.9794378262832055,-1.0431119419620298,0.5378691223265747,20110572
-3.7586349214698473,0.566187918839326,1.353322018146597,1.8343510400111778,-4.300697467858433,-0.7474796628358781,0.22860592101428065,0.02321668549497991,20110986
-6.818345661884735,0.9877430180066151,-0.2374743060600528,0.7874999035002135,-0.7956821657896807,1.7851403941976467,-0.39195884091652194,0.576998298089664,19950392
-5.482578777052722,-1.994977625260389,-1.029697566613652,0.585573013383821,-0.12755873185946848,-0.6662841675525912,0.17269554841531404,0.35650534721919525,20120959
-2.820011308014211,-7.665932406165072,2.3019778496519527,-4.776637104588758,1.688575276826867,1.4019415205224368,-0.2900378748122748,1.068624605064788,20150680
0.4087797986550221,1.3662406902418653,-2.4073113560706476,-0.501288588188246,0.23525791688117437,3.3127824406186073,-0.8190433664984592,-0.039063004477357825,19790809
-3.17661886270181,2.636724527980784,-2.436088283597485,-0.7531873625780863,0.7959872918737623,0.018265789929300308,-0.7767132065524391,0.24831047430278674,19910295
-6.305304314554089,3.771422049189196,7.5766807654001544,-0.3351418842585288,2.772656119111361,0.7449565348312001,0.46997173478162013,1.1060060743386515,20205515
14.092568576004057,2.818497869518137,-0.9806082918184886,-2.2546427333357824,-1.1623506798452183,0.5588427993855625,-0.5883004878834782,-0.9583253341989145,20180496
12.36649636989032,1.1013786137541615,-2.0236336094583587,5.922864808630273,-2.2624117555378236,-0.09295093460815719,1.42270398531885,1.7421742637580588,20130123
5.60923962030248,-2.807292455235758,-1.017072828184781,-2.431933536012653,-1.8004164435025385,2.979384912855841,0.007750017572133402,-0.36239321092965104,19810478
-2.6304965167680066,-0.7526134308857749,0.20927037153616043,0.2597119030554364,-1.0158638673176046,0.8012984860913575,-0.0008290513711390437,-0.32238572758897527,20030646
-3.3317214537680293,0.2636007360265972,2.4013074107679775,-0.4319037219165625,-0.32437562213081017,-1.7728948029045413,1.3729643564125573,0.24180813436974258,20140044
4.399245739162113,0.5770462166790221,0.0010916235010033943,0.05052401785888073,-2.385611064724448,-1.2327773975194782,-1.7598413054696866,0.3046269680919613,20080031
-1.0993121409496787,2.5395511136737836,-0.06793701318504732,0.12561911065053655,-1.3862654453354322,2.9823065387547514,0.051949977755090845,0.03682825798532864,20000072
-4.941124999400483,0.2717900885025047,-0.597725993807059,0.6783677208098012,-0.021290962290659046,-0.40541943569853295,-1.283712030760484,-0.553309359880035,20070955
14.129914677424999,-0.3718764737039757,1.2856760174744792,2.2735032873501195,-3.6479767446567726,-0.08786090493684907,-3.3606829529883924,-0.7542497848125215,19930085
0.861733120544764,-2.6273975045682234,1.1288995535096147,0.7567752228014487,1.0195957428355527,-0.01697134537134981,-0.0484737441482789,0.6632616204563396,20190207
-4.878274399311149,-1.1189963980068323,-2.3128079897243614,0.6439627667577138,1.9737721976754723,-0.9714930677741502,0.6018419473072336,-0.2941135794884116,20040726
-3.8481324180824106,-2.747727122912964,4.304345464590451,-0.3637741452592539,-0.039364383659544935,0.5245974730120504,2.9876841808438264,-0.8015518704251866,19870546
-4.192030740913544,-1.4902183351184277,-0.0011385377032310244,1.0700591592031434,0.9709483412899018,0.15900521965211997,-0.8119887085739,-0.8115891102244546,19870237
4.318596322141395,-6.761760385540904,-3.2125667534169824,-4.6705697814333345,-2.703779881375989,-1.9685709602781942,-0.5221771756640403,-0.17364283555597076,19831146
-4.528317689200675,-2.2171496054602917,-0.8203823308122112,-1.2391610291936759,-0.4624343931513942,-1.199848937358758,-0.9682978784292383,0.15233694745753348,19960788
4.099717045890012,2.007786632293001,0.6862537811907737,-0.9394746767196979,-2.092295701256035,0.20652976433202222,3.130237514797073,0.12498041251334273,19810594
-8.235852680606278,2.5053176952259832,-3.187082818740827,-1.3154890875819374,-0.198014203680773,-0.6712018701232825,1.3021337378082893,0.818036911564915,19810960
-6.15896051592963,1.1333822949622023,-0.5248386072674015,0.9054049856382432,-0.5936646448827412,-0.2659610730081571,0.36984530998008275,-0.6453236767375539,20160546
-2.72271542875396,-2.9139473748657014,0.7872609099275047,2.454086278798945,0.3673143808952034,2.096169902448044,-0.8720197669334392,0.4372794945351624,20121113
-6.362598730369435,0.01333254006034251,-2.1814180351091825,-1.8307863960912718,-0.7060656216844255,-1.612979589629325,-0.2898904155941108,0.7782903783147406,19810392
-2.3921077253938856,-2.4951748899207393,2.8236160848368916,-0.9391500653115694,-0.3992745681563241,-2.6761266560444446,-1.0952582283570833,-0.9403637422502247,20160340
-4.321326192164587,-2.7489722240073617,1.5617454107764839,-0.4010654292406309,0.42699290902779,1.0538256183836856,-0.8438519723643483,-0.4700134586132043,20100845
-0.6164492553207431,-2.9099637044136872,-1.6575257146252373,1.614638366318882,0.8140546601952687,-0.39042589005683237,-0.8828404588150254,-0.3249024948778528,20130112
3.372199919805115,-0.6219122104166399,-1.5665990289035046,0.8942748689165644,-0.6950228750232004,-1.2703307788526936,-1.2434672720421909,-0.691795166845085,19830729
-5.127582242043336,-0.7095249244362674,-1.8473236163908058,0.607126484244321,-0.9394781537200559,0.9155286777109046,-0.7301964126946926,-1.041009029303593,19910166
3.0309562716671743,4.003471794598376,3.1708138037972757,-2.5935990055922375,1.1237733427199441,-0.019895983331299372,-0.9094514695779742,-1.506061096467511,19940361
-0.8407732844462269,-11.688998988556747,-2.3276023591027526,-7.3038055741689325,0.2951736214480874,2.3496416450510127,2.051655423021468,0.5279218711833431,19800473
-5.6318323686203655,-0.5655756488110403,-0.6195428299694278,1.2971888742836923,-1.074963894564045,-0.08464529206604636,-0.9738437204731359,-1.0180513663943291,20080170
1.6396823251178838,2.390797129715151,5.544841012451003,-0.7120480052432973,2.1015507912806255,1.222605446713786,-0.47120547127731244,-0.026796845567142517,19880869
17.457784779328062,-0.5309640067117967,6.0237894186221075,-0.4631583321432671,1.863152973784195,-2.484620610143456,2.0283578601530285,-1.7322632372428919,20100050
1.2975028440155656,-2.3165044384954845,2.515289688530154,0.3439389398500531,-1.168757183492957,-0.2227787467680031,-0.2575605389606655,0.1036419273383333,20151026
-0.9191008689490924,0.3706599438424517,1.5674575477213557,-1.6634845193059926,0.4309447171687744,-1.284895574089216,0.12225997094046885,1.2928365514714886,19860771
1.9733971139212445,0.9964158123672863,-2.5583010924511065,2.7295024525089855,1.6830385265419312,-1.2091806970075802,0.7059790878072896,-0.2300005229003954,19911148
-5.666142263361677,4.032100827276518,1.6937005633093698,-0.5047118822102289,1.1895226220843254,0.738769107301142,-1.1870232238999618,0.6596307035173529,19810857
-5.601815136389121,0.9713168154223076,-2.1604863784750483,-0.045151053487160135,-0.634038407612498,0.7071049879290143,0.9579462241135346,-2.176178438136001,19920063
-2.563296186098216,1.8662180741601384,-2.5935003309840803,-2.363660343074464,-1.0839263780257806,-0.7518783188946794,0.7356155844489656,0.35998710188877225,20140110
-4.78297553933098,0.9353461003443273,-3.7074883776682035,0.22907793630039452,1.3785656974542846,2.608799244420672,-0.08019882897948147,-0.23079066041907198,20091164
-6.501432339105729,-0.28689219602832117,0.15067040473248636,0.5302846931109018,0.03860067934576742,-0.42311977773550974,-0.5119466739972609,-0.5226359584578347,19830018
-3.59277787477726,0.5982421642598958,-1.6755427033111743,0.49652147661059676,-0.9940414831028537,-0.6425585042896922,-0.18418022329213093,-0.1877759532391195,19850716
-8.840067414672522,0.4020015853068094,-1.8614876257291595,0.8569910512180177,0.310524799633233,0.764694955599663,0.6630196782724627,-0.5574846991839791,19840005
-5.503443218018222,-0.8250758774042679,-1.0115853162208255,0.6366890165612056,0.16976712423161752,0.944350585925658,0.3815265582264906,-0.012825605484486762,20090100
13.358898601245864,0.6309494309018994,0.17878268427648117,-0.16711948484222847,2.578871546673109,-2.6596010289595347,1.4752151492505121,-0.30767097783466457,20190036
-5.078175807293941,1.4433283861013382,-1.3187405886039372,1.2834418530836376,-0.7556829310163165,0.31505081215929515,0.4638195674541513,-1.1343801088349723,20141056
-3.266421110501668,4.32314692757803,2.252837540460762,0.6865955799529601,-1.3369898909354099,0.3961735945014174,0.4027942398897309,0.7078350199919672,20180415
-1.373415439214353,-0.8965598447128446,-0.05998130308165174,1.0139272556954557,-0.6614740557606439,0.5974619539495074,-0.8810532486090455,-0.1990405731583182,20150005
9.24092946573592,7.29702575651284,1.82544402291529,-4.414650101154918,1.197980713512882,0.4041938333714589,1.0943165350157502,-0.6881405320140845,19930568
-0.23059761135017748,-4.487119140449251,1.6581954517553796,0.02568438320743089,-0.30798719691601245,-0.37870321132400486,-0.05872929205347829,-0.9038485855567073,20080197
7.92552380176589,2.934826385189752,-5.052140222505638,2.4449134415918135,6.209480107568269,-1.9803598611454651,3.3891164678324928,-1.8764681520725506,19850749
-1.9070057010566799,0.3582234382455211,0.8396074542586531,2.2959927131641136,-2.7235822702408035,0.26555293169302224,2.5014185426068716,1.8411055203516966,20091196
-0.7450112924183375,1.337768816777244,1.6531204619140383,-2.1148752701573628,0.8025995834984769,-1.7656360743749508,-1.4066986218728537,0.18117739073398123,19860337
1.026483954578228,3.7564923381732,2.9939416803103547,-0.5455420061548296,1.4124850514876395,3.3939699738022373,-2.4144836376960916,0.7848316526688583,20100138
5.44951418684697,3.808311396226003,0.3195625191061564,0.8613524969122847,-1.7874187906325525,-2.1552195068623416,-1.436901713199293,-0.771223049899538,20070407
1.984822420417107,-1.2144584709112205,1.6209318030244422,-4.849587575689763,-1.1214836511620792,-2.2734445904064575,-2.1043561696829434,1.8870927574112224,20170446
-4.359472071036354,0.1252291576139448,-0.28873344457950073,-0.9390273097314232,-1.5105478230027527,-1.2770702852471127,0.41474769909997133,-0.9817041399513633,19860441
-1.1602290824979211,-2.464873481345597,0.6732095046869823,-0.9805502355104105,1.423858874360485,-0.8638855565992621,0.41795832978484376,-0.1442794182634711,19850639
7.791152408742066,-2.699077824626657,0.587610733432961,0.15572134548184963,1.1882179452531436,-2.51526091181025,-0.1329315151680665,0.31085534354354044,19890324
-3.622170729368616,-0.7191597055920106,-3.6089418510559192,-4.357388613246278,-0.22944424502697647,-0.24623188774615418,0.034706872338112746,0.9928421675003182,19920083
-0.4125774642224121,-1.8087855122585643,1.366821311483207,-0.8905134839264537,0.27976857498444524,-1.0644936511637353,-0.11043080056339216,0.3861135923202274,19990563
-7.137275524349298,-0.7204267098937631,-1.3077812653199572,1.1356619864315092,-0.6066512276611742,-0.20823779678042859,-1.0225322340413558,-0.6385040124396838,20150010
1.1485292434934693,-2.3602689789731963,0.4836084351167362,0.045942963948621594,-1.29489617699871,0.1600387741129684,-0.7250670645021826,0.08039374296427097,20061128
-0.1620797638080402,-0.17762724254262302,0.27121312887547355,1.2339429271875684,-1.5888937242780488,-0.028774482187333906,-1.5007417607117803,-0.6652702228006426,20121069
-2.2482194454757742,2.3377649414870754,2.6482730350868415,-0.5741327578317434,1.0223622206206082,0.669610803587704,-0.3844038433184326,-0.10389232493191479,19830591
-4.6469757938621035,-1.49002727619744,-2.0267171695145314,-0.1613765131920941,-0.5347111195577213,-0.018608933359865968,-1.1456127352009455,-0.5570043161626188,19900151
-4.762639683094877,0.13501432422651208,-1.384155747434453,-0.23519469562961387,-0.18963494055060617,-0.16280449950995848,-0.3243625349631622,-0.7387324016561366,20140345
1.3859200569340158,2.9888395112081225,2.3700894257590983,-1.904565087908872,1.076934160315874,3.638772686500876,-2.7431364286643816,0.9270330633962519,19850679
-4.617741676424336,0.14056494797112318,-1.588026604134754,1.4222323589783885,0.0866253220056043,0.3812782264218831,-0.3054842497342918,-1.0237625881200265,20020164
2.487417205287342,-1.5121442044204478,-0.528627324532309,2.392801214348405,0.16939311503455073,1.203815867519085,-1.2082243376761688,0.2587256986963769,20000193
2.701260790608156,-0.4253047035587967,0.012520270105795858,-0.3716043676055434,-0.3803458004982244,-0.5239284447684971,0.24406608124438922,-0.5831954092846726,19800280
7.624663539543208,-0.742235376025634,0.45729727239001544,1.1393420679277044,1.1835758355807657,0.0018889763451297905,-1.511929784251842,-0.740425559436673,20010239
-1.3010754887909985,-1.6711106070963004,-0.04861081605546443,1.9661237751636813,-1.051422624108609,0.095181478470695,0.36751837534737264,0.323489648157233,20100304
3.7059682016705096,-0.739225399745618,-1.6123200746508786,3.3137048952451185,-0.8092974521510677,-0.2817634240836115,0.0173742945446429,0.5491795557321313,19890546
4.215519020442518,0.3539763733675601,-1.618402896019912,1.5664593114165133,0.8892716998963749,-0.16063974871856124,-0.6806671240361531,-0.28797756553482845,19900643
4.118494826004276,-2.8337994743873423,-1.4494345829898938,1.3690150755456534,-1.6717628258264796,-1.1017117359824413,-3.1358041658044717,5.03934308289662,20080224
5.903388379417556,2.5208485286914577,0.42934643397723044,0.9812952923803969,-1.856596496138335,1.2614357128665792,-0.034454803612584746,-0.6341907802585834,20020624
6.601030266218562,1.8214784162604454,-2.9373472898875455,1.5816857215585112,-0.131800043488031,0.16290265074566807,1.3779131931180442,-1.1111552726135252,20100149
1.2848151365197622,7.909294677393724,-2.002385127049859,-4.598212158039976,-0.13023974593188795,0.8513483081580889,-1.2076713486077373,1.6690986532512249,20190583
14.469361645939948,-6.650094086517027,-1.559642841154971,-4.000192742151308,-5.729200674052186,0.7427964844075476,-0.37901691843766905,-0.905232034186418,20110844
5.037533490742606,-0.653378949581417,6.543592205234347,0.16493004146477622,-1.072837648431366,1.518536916581493,1.733491020517501,-0.9288951154109599,20130991
-2.3737734874447347,2.4967239526758713,-2.983846962187515,2.010526481084735,0.7832531871900552,-1.4498750374136404,0.9257871387940034,1.099215003796305,19940875
-4.5463696978887675,-0.5157603164198608,-1.0144013766237707,1.3101590740141769,-1.2672658472985572,0.6804734739183464,-1.4233488493521163,-1.038835899024524,19950008
-6.192025283383295,-0.28493044792746924,-1.4285232708442042,0.9691761822674938,0.07976182374448634,-0.0017364870818396053,-0.7804359166826702,-0.4095864410873518,20100234
12.054924638610844,-0.4868589611133854,-1.7491019046334273,-4.292094034790979,-1.725825885134563,0.7520648945990489,-2.1797595951989472,0.3113368484823658,19840061
3.3134127265676128,1.4551304923284802,-1.334315942484228,4.613021132174625,-0.16763847795242298,1.3944316260964844,2.340394296385522,-0.1305767796290331,19940020
-5.455751778662503,-0.46108362009043735,-1.672620681270098,0.8287409653498422,-0.30811475376358455,-0.11492670726533354,-0.9703417950771487,-0.8580922418331336,19810460
-2.697939906354588,4.819110218069335,-0.5344055314782948,-2.908923108986488,0.8152000931957786,-0.37878539343727907,0.003956264440062654,0.920395816750309,19950574
-1.7406119670709936,1.7145804230116015,0.41116032789294626,0.02543873233864726,-0.602400468263697,0.7239100875581481,0.9036267156110961,-0.35068859536254293,20020877
-1.2460900656895229,2.010426038024771,-1.8894858893734234,-4.46031477060194,0.679109061901169,0.31484642636544136,0.08091408328213424,0.8102266787537934,20150667
0.18572649428753346,-2.9433456796366966,3.5819546328456755,-2.05115092231664,1.011960289969925,-0.7250050729888607,0.46214257465423225,-0.060716548179406686,19890691
3.830009461229753,3.4392540782160954,-3.021576471564977,0.5141396035010337,-1.5282520331656593,-0.7386545275424276,0.0995720562774678,-1.4397920549771182,20190591
2.595680340250607,-1.0306367157013177,-1.6086117681237144,3.1980572136828274,-0.04738546495170358,-0.4487066922786571,-0.5591175948038405,0.536842097457618,20091085
-6.90476139890526,2.0629639161387723,1.7238183687711537,0.9860738118830048,0.7835612168051639,-3.1564333744993553,0.383893495481267,-0.5163405788981046,20030564
-11.25082771700635,4.416287449188484,-0.19591889636261348,-0.6202376414333046,-0.7440759023687425,-1.361954336005949,0.8589766092906095,1.3600239834124417,20071164
-5.411334513302181,1.1141378673137838,-0.4211734279658746,0.42709660373375347,0.5745034372190235,-1.0921308380661212,-1.5685439808313761,0.8227401796741026,19830024
-4.696168042405476,3.307419398347375,-1.635139792691755,-1.0200390745710728,0.06445746147108226,-2.3385445945498438,0.03474810212327222,0.03776857459516787,20020062
0.5187769090610179,-1.944718780614924,2.13766524334548,-1.0014096292433492,-0.5774057457384457,-1.3226869173055116,0.27753066585645797,-1.236901950575021,20160176
-3.150402118836109,-1.886137664273105,2.233231984796517,-3.1737922578133593,0.3919752341418361,-0.4903644272585203,-0.09757649881994347,0.07268470461649089,19920990
15.402246985386077,-3.299029020257904,4.272566956061143,0.5458367887008206,-1.7914018268324723,3.3824148640361846,-2.052285552326146,0.35121004128837585,20190815
-6.568303324715099,12.120838361723893,-1.062910184515635,-2.4122004962484245,0.35475344940705067,-0.11724534769862273,0.9489889342867855,2.2302048975127136,20140894
-0.5464585900629833,1.3388192434577932,1.0817174609139977,1.030953196792279,0.7037047119154904,-0.7884877449388823,-2.088742345868118,-0.4484183792330277,19820119
13.0733438731327,-2.0899928657213103,0.6701776166413476,-0.18161842733390612,-0.8334168334465646,-1.904283902572998,0.09172103751772258,-0.8125168278650069,19951174
1.5773045658621185,-1.0913336038646508,-3.6363347102330073,0.6446162816633523,-0.5770638318838395,-0.7433442217554532,1.6931650316037739,-2.4735499984775164,19890928
-3.6573350148535373,-1.90675281321648,-1.2335480133573076,-0.640394974317388,-0.8024458669459498,-1.9824850316021385,-0.8387081012776744,-0.9802553356458068,20020382
-5.26600893865919,6.894340845544733,3.778446458735069,-0.22214403555519693,0.3575206262309537,-0.48601095332217137,1.886932430867081,-0.42456997665409474,20040504
-5.099575593481294,0.43302445229252584,-2.1080929846283247,-1.0137888422599577,0.3701856870079765,-0.18961462388407654,0.40408471070910434,-0.6507369922964586,19930012
-7.662579990765636,1.087912218138904,-1.5274957269528169,1.0407563377308533,0.2921413510993995,0.2560663537340333,-0.674882168797212,0.36521363268598933,20051094
-1.7432448307660222,-0.5897919124572159,-1.5790947355029281,0.12451024994496093,-0.305310420512313,0.5231666080344947,-0.5369987221642002,-1.3557137438870641,19821052
-4.010712292827387,1.5139846809115953,1.1088705470543707,0.8533638568416689,-1.362669167596766,-0.8635579628266677,1.059081359699446,-0.11475374279508216,20131000
-2.7625695448165333,-1.1626823972193376,0.9476445857559834,0.4513393221681273,-0.4236717671942861,0.1171472073913511,-0.301930266363671,0.0026775714134055673,20120123
-3.1251130664931344,5.322696964362641,-1.940858732570547,0.3704414787737595,-0.9122882262059083,-0.4698164229252602,-0.6116768428952049,0.6237243371315231,19800286
2.2913295585957427,-2.308784942202771,-1.1126836350116405,2.2535008175833444,-1.3928695225755705,0.6928524593566071,-0.3886650535005911,0.4298676063311278,20070413
5.258346167128721,-1.531395644421361,0.04444494694159121,-0.41496232797533034,-0.3515078954075881,-2.630056553262924,0.5009185196412171,-0.1954293336919988,20209992
-6.331182615782656,-1.5992934821662053,-1.459708716584384,1.4504504137350225,0.8268674664518716,1.4769319278541282,-0.6150139599452313,0.33828560914353994,20061191
-1.052536687360227,-3.253028519027321,2.1416413645579673,2.428576887185337,4.325691165657316,1.2237080581527604,-1.4230841495803765,2.019236311146138,20120458
-4.867400333073797,-1.2118895876660294,1.6339314087827261,1.5691581245925323,-0.41989587294858555,-0.5503104673581944,-0.601371518440055,-0.0071026398973368385,20050611
4.30926773017942,-1.3881446354435227,-0.18409714043844727,-3.1845667267764752,-1.328294208742769,2.626033048717711,-0.8243595809507568,-0.46371463124799833,20050644
-7.465502298128787,1.8704030424066842,3.391896298780273,1.4739864989441032,1.0021534875960576,0.46165507688574337,-0.527141453481365,0.03359732143694801,19951044
-4.648345541425618,-1.3016910497839793,3.5046271474498196,-0.7419442852414051,0.1298808290122835,1.297564994572724,0.6765181604756839,-1.4223617507565245,20061169
-3.466038578185227,-2.1710880217739876,0.20510911079548644,1.7263090864945914,1.0000425788941392,0.5423848022183818,-0.35539774301306654,-0.36285344867286257,19820084
-5.491715609330093,-0.8039526055896762,-1.935740875668608,-1.0445365643510507,-0.17559276853513064,-0.857452333663424,-0.7022508837131113,-0.2860662590062933,19940010
7.908959329678888,4.746866947197642,3.380610902198289,-1.264741833309074,0.10877028692319335,-0.7867372918239949,1.0118214812564117,-0.6956454322642626,19830458
15.02869853648409,4.288065556877336,-5.9243891556344135,-0.6329735582670918,2.2803957332507103,0.8109069024198023,1.0507582659064487,-0.28212309840062916,20180783
2.4850360644763945,1.2457156035657184,0.1521789462488955,-0.9973731906327087,0.2530686900008625,-0.17811655880885965,-0.10057655873739874,0.2656550774993056,20020125
-8.368362738089049,1.1638251767011185,-1.031197758845252,-0.7202499648249715,0.5809268215123842,-1.3141598801327532,-0.01781086438613185,2.4029000458976126,19930606
6.9473074183163765,-2.6464681135882997,2.896326771087409,-1.052255604476353,-3.0714701398486914,-0.0180490769471017,0.43762255468013866,-1.5692117479024388,19900278
-0.036491240054036256,0.7588965352877302,-2.6400985714624396,3.903546451615306,0.606001740204986,0.8434478689283587,3.616768564966923,0.8604049344298363,20091018
-3.011902481765753,-1.394217587278442,0.7716365496758112,0.5863728201927823,0.18052489635903735,1.1929347476332808,-0.18693464003451754,0.6370440532264183,19900902
-3.936417494292761,0.1174430860705952,4.130541442643738,0.03136004474479702,1.6529527974089817,0.31557689349226875,-1.2084587470696477,-0.3977156288974377,20010481
-2.538562170403708,-1.1651057581799478,-2.3090697942357106,1.929694045174833,0.23898237543647494,-0.6438607203438442,-0.9884365304514505,0.9414424671222463,20050581
-2.7621492158342185,1.2016416369461687,-0.2772185388882141,1.0085812711189266,0.3781175674958572,0.8398822009472338,-0.7286653781972822,-0.5144948150232462,19870031
-5.556165955524867,-0.411647254371512,-1.6825539502567424,1.0860079705849766,-0.17406573943948153,0.3256066229292597,-1.0388995566968902,-0.8437816534986093,19870113
-3.642558355717518,1.432410295207673,-5.3666692875960695,-2.322026992757345,-1.0410334597585669,4.135192383558422,-0.08393367927009356,-0.15184261176589722,19830046
-2.994104477330521,0.42466358930943704,-2.729754969146549,-0.83943092783874,-0.9946065661597242,0.7051601870409852,-0.5686986470473915,-0.2899206672433853,19861030
6.362350126146003,-5.2003861481724885,4.2146876684620045,-2.7388736760117873,-0.0735928247436303,-1.0187439434243424,1.7127777114914093,-1.3870050896859272,20160630
-3.7806291678009565,-1.385048405146395,1.917812486020411,-0.08781904103492659,0.27180336029468727,-0.8562439377409446,-0.2386127627687903,0.7757929612297233,20071076
3.6004308454893725,-0.9480009714894062,1.310061914476361,1.67267074482907,-2.14113495732651,-2.469921436430002,-0.9564856876298781,-0.21131182989720737,19910427
-1.4653437332898192,-1.5297949090974463,-1.4823134299001528,2.995276828832511,0.155285323741193,-0.07098053326593155,0.5113092774943518,0.8996170747366835,19990464
3.970505662145612,-0.490288569160254,-1.6049531723658537,4.589689048903192,3.2749757276983833,-0.6612604747532942,0.6901206858898176,0.9935277208252424,20140245
-5.475884763840618,-1.182459283508146,1.3165820136451627,1.0169786963225091,0.8729265719054421,1.518853353725238,-0.32359468375748984,0.5477980903432818,19871119
0.48373157100451425,-0.13725599569914904,-2.630166388810847,2.450003208701975,3.6919503369823805,0.9595926877872701,0.4257115045875882,-0.5399467743140726,19811044
-3.631274118481993,-0.46274446813419395,0.20084833315692427,-2.385626357769598,1.043119240866794,0.27296148501525336,-0.4435949883900777,0.10782960912433932,20060853
-4.063209105338525,-1.9980474422619119,0.08849530611301486,-3.257651589729278,-0.4966444741728366,0.5145968735950516,0.4005083454327785,1.1790174174634727,20010051
-6.503973526441586,-0.5817625885615069,-0.8363325976145055,1.421646754851705,-0.2329411399821994,-0.22386642287278966,-0.9797654510313498,-0.42063562562112133,20110010
3.1720380103216606,0.2771902321226292,-2.585452896298698,-0.3677026740443407,1.3414824631226532,-2.024966318765025,1.0480210493853912,-1.311661652329091,20100260
-2.6574993444348265,0.22165897685781943,0.0785680291997942,-0.7730546287957132,-0.06461662413585527,1.4123655250688103,-0.3586419430305835,-0.6695093698363327,19990230
0.15949776775529517,-3.426565289261059,3.4743504022951353,-1.1362006891904255,1.2883536761967231,-1.6031987438760533,0.7815590706081733,0.4533752084070462,19910557
-1.9906584052794662,1.5335727317391366,-4.895679107257063,-5.002997484345148,-0.1973007657070852,2.1711035235133536,0.5001755106697466,1.4490218542204123,19820985
-0.8308963905118912,-0.32727941985185927,-1.5250367383979246,0.5729366284327043,-0.3843307105619716,-0.31231028522191795,0.17121075980317788,-1.0699220739985793,19880813
-6.431333922203225,0.6065321807732057,-0.3043941921331079,1.3645120203265537,0.9743764341821862,1.1162912220993677,-0.335115511700879,-0.2845940906234861,20171054
4.423678156092522,-1.0851183875967747,-0.3133900684211391,0.5455018496672227,-2.1375559277734992,2.4055793634592573,-0.5527838568944731,-0.8395787928005967,19840308
-8.433495727491394,2.385251736471905,0.539277111317239,2.9200812125910036,-3.1049544709329626,0.3984117195826924,3.722835805141716,2.294611062544423,19790656
-0.6191497578405968,-0.6317128205048661,-2.0787997241807648,1.5404626681224043,1.0982718055517773,-1.0776745124526903,0.7363921260705332,-0.4906148725851243,20000093
1.1408740913480155,-4.336235556727664,-2.6102406214261245,0.5984144166413823,1.412782695804357,0.33169052110752867,-1.4941910247413885,1.8265193159199589,20190813
11.25136748714318,-1.7823533917540115,-0.5428174263516091,-2.5455939826716643,-0.9406400674301906,-0.5111644812169135,-1.561807191654807,0.2943487509785514,19900816
-2.881473040891847,-4.773786430491244,1.7236040553367837,1.1170215439760975,0.9757601700597553,-0.39114457682288306,1.2369375959881403,0.3701260239300579,19961015
-1.1061382818435914,4.3038881075209785,6.809132314500426,-0.1519272765952586,-0.4378649482936506,0.3217595485783097,1.5434689544688576,0.21398147785106264,20050833
16.687661550897452,0.8206540750865482,-8.420347900959912,7.557262810488672,11.1344540577237,-1.2517726609742743,0.3226324363964092,-0.5533477291241763,19870188
-6.207832406565364,-0.4615353598098868,-0.02638925305708775,1.0997880808428948,0.2321636623307067,0.4359594953248194,-0.9443591490896422,-0.34274905533657835,20061090
-1.4802261896897995,-9.417966478037854,10.280039294937849,-2.986672044622554,3.454398493690523,-1.933233364757936,3.6255985936853623,-0.15292551572099605,20010617
-6.82039680255089,1.0565264870508746,0.5291000453439347,-0.25815663795499694,0.6695211660535089,0.04676816061209412,-0.17483138271763685,-0.6957491017151136,20150027
9.081012221463547,2.256761399837357,-4.038577275476555,-5.798137726535095,0.3907390192150818,2.8544345767011303,0.6674233624793859,0.12889687786198215,20130729
-4.333586316879381,0.22293927447879583,-1.1551396074035665,0.11268290153466617,-0.13706616768364507,-0.6868368405104898,-0.6386406834983268,-0.8087399163605338,20110172
-7.97864864376008,0.09873960684372005,-0.9083543400594104,0.585239991991319,0.01761160767324144,-0.09855484218163937,-0.6323726156468871,0.08428265837256849,19970391
-9.148464443827727,-2.8795610513373973,-0.30292832919451856,3.4684037707023783,0.3279796976226747,-1.6584540287296825,-1.2630286389247352,5.063913744964699,19830285
8.287100817669335,-1.994303261332374,-1.4918295699018675,3.0270878086328623,-0.7107574143449347,0.31748824252524627,-0.9066930617577953,0.5054554344215855,20160977
-5.6677754000845715,-0.7460823976331529,0.5034890114695217,1.1452524458929894,-1.418346512899947,-1.4599418941741886,-1.2569932782727247,1.5372500245788159,20180540
2.805847272529479,-6.180380137766622,0.2917137336854517,-3.3819818589333432,0.951273176142684,-1.279978240328114,1.828432544132735,1.2978938432540696,19990958
-3.8751038132792903,5.142494697643717,-1.9403100761116214,-3.7729656460593572,0.11692656773665136,-0.8722629180221723,0.49317902110087536,1.5130055463515633,19980052
1.1766193195903016,-1.3860399456441903,-1.2647457393922934,0.3771128389445825,-2.4992828912758465,0.18685796068577576,-1.167233771667418,-1.2691175458732258,19830228
-5.088230340745598,-5.095901188066918,-2.304806744819671,-2.2188129512098307,-1.7477530772299288,0.05764089057738281,-0.17795216696417068,0.35294248263933764,20070884
-3.5602271378435426,5.617337387813927,-0.952293015146395,-1.486102598171659,0.09504317221101097,2.8724361165390837,-1.2979905216912608,1.4189837613045613,20160012
-3.6868142301756794,-0.9023310483596014,-0.3991972765857265,2.1271661462117706,1.1281493473286812,0.6441275654273495,-0.7848524501415616,-0.44627886223777696,20160162
-4.083549670082414,3.9036717947552195,4.017997385527071,0.9584821984327989,0.8531573241105262,-0.7047768171305037,-0.45807499997194717,0.020957688285076912,19821113
17.311988533853,-0.5096797869103837,1.1699439954154989,3.812465660815578,-3.188941297027998,3.3543876310423872,-0.9176591983903063,1.1679276452380867,20020023
-3.520122255435689,4.040673971330573,1.7795833315279859,0.6897399254373497,0.14573582326616816,0.6478468648555367,0.7425924767943736,-0.052947522180079996,20110817
1.5823969815368464,-6.879704485528094,-0.5903580394930209,-2.631958104964455,-0.858242095224015,-1.6747051421619779,-1.144225032197119,-0.24474289548105158,20040181
-5.357717122013463,-1.056602971205663,-1.1403573343175475,-0.005631325299894278,0.0680692277988685,-0.5748958188847928,-0.2983531322838953,-0.34228942416196423,20030577
2.1859114081772306,1.4732914243663748,4.28799651720152,-1.6796895254583089,-0.34595411565738876,-1.62893968911895,-2.0161165711100426,-0.6603557908247291,19821031
3.0309879798095483,-3.601127776853698,2.357759365147138,-3.2999718709618278,1.19130523216871,1.4623515477038431,0.7036153078401259,0.22673675379119598,20051008
3.5918402794401936,-2.585587930919769,1.9718386020889835,0.5489650177835791,-2.5141169783482553,-2.850528568666931,-1.2506445861448725,-0.7168635673191882,20120173
12.077341013870365,-4.511658034592389,4.35532119195312,0.9638940269123696,1.6624522684013685,0.8323073767840752,-1.1832445781403542,0.0009350819298638413,19980903
0.5478842687238304,0.6060647317617011,1.828017086231889,1.7522951381385614,0.030953803482786153,-0.6510544689610075,-1.1447939063877917,-0.7488810098511994,19790101
5.343017449286717,17.42078237681051,9.191085834844182,0.10124924198010797,3.1235622427509715,-1.3403365370797349,-2.8498466127978115,1.368788298490192,19970666
-4.258473300272027,-3.5822772105181317,2.564619001251168,-1.530810210829903,1.1189755586513515,1.3504727884737102,2.302823490839174,0.05962831712368812,19900940
-6.580000288016656,-1.086285888248138,1.3677349075089247,1.4227269108545444,-0.24064452830078076,-0.9964044007137781,-0.3902508161905427,-1.4032049157073085,19820881
-0.9308243962283207,-3.7833762361464096,-0.8785197385179782,-0.6235849485403843,0.09167024476195096,0.18197211773962133,-0.831970808395838,0.39004989572895643,19850628
-3.0377683884511892,-3.868159391009906,-0.531636646429529,-2.0910157060664933,1.1141014436501124,0.6560222511031126,1.0052684497828857,0.05653996573164966,20020611
-8.376644390227284,0.4486968598157717,-0.6645937233888167,1.1445320613495142,-0.4143071118987483,-0.06621418856706617,0.1481768099454644,-1.066184763943447,19790071
5.433767678546576,-2.6166522649608583,-2.5766554096831538,-4.433774557275367,0.7139555357120589,4.331655169663165,2.3766375683996444,-0.5221549462868809,19860405
-5.040606887907832,-0.9216960771373863,-1.5658345359097827,0.9502732791730323,0.2381336653032579,0.3219561786816173,-0.5606609813318416,-0.34757154640084614,19900865
-7.735883271180833,0.9328178454006918,0.5210687031902715,2.1411338364525725,-1.4085091673573433,-0.30505338659355363,4.169298260349543,0.8402981802699829,19890192
-1.436117472586761,2.226403365934413,0.04449756464543191,-0.5409481065592906,-0.2505140145797813,0.6460317369716448,-0.695788251588351,-0.18457929049493937,20140547
-2.65033674089581,2.1665142302755283,-1.46196342873876,-1.1762361139599067,-0.3544303084501703,1.8985128904546684,-0.557438380565865,-0.693358006546968,19951054
8.005260814485645,-4.106025460633549,-2.1387008817152044,3.0978226816588266,-0.35725708694853037,-1.0828442540480778,-1.5481113516849563,1.1442416011519467,19900100
6.5261510244659595,-0.013356569838526585,-1.2576129401044867,1.958546465499063,-3.7875278918379216,1.9063253648276244,-0.7518740420431888,1.4390337545795397,19891021
-6.6846418125320275,1.2772360100544766,-1.5755953658343549,0.7965747280200118,0.1969817623078456,0.22179059408030993,-0.10063850911024688,-0.26601087313586214,20050007
2.045025337356436,-7.826425000496532,-1.3321166471995094,-4.131802611788191,-0.1386135013954346,-0.48408448756682804,-1.1351333473522942,0.7976370806062719,20081032
16.29045083241053,2.465936584864129,-2.817806943196703,0.681967295329788,-2.6104165561252026,0.7814327373566073,0.5137979258878299,-0.996144243473586,20060875
-2.6375447648687356,-6.051645832368323,5.00350141592037,0.43480564231079605,1.3995751105376542,0.06707701583524334,1.7576886201299975,-0.4682701377298617,20081142
5.88147261935821,1.9087960421911405,-0.11512473363256934,1.4636838179296696,-2.5666868748773712,0.5925977220120211,1.8939077922381924,-0.6594852022682354,19951006
5.280723383718305,2.397523492098218,-5.465335828845517,-5.24347843651405,1.4181779351486836,0.7905706774363276,1.0461492877955403,-0.4250386252343982,20200285
-3.5047293179682244,0.9355685816005034,0.26553191721640174,0.050421845045745234,1.3793907907360012,-2.2697691612145015,0.3792142507490956,-1.5264242467942382,20050771
8.346850960510034,-1.4052324348616991,2.1710470091122827,0.7000525761863707,-1.6835600022492423,-1.2103526068626682,-4.183855956089896,0.1665461290341703,20206231
2.725620823939743,-0.00567029304590723,0.3322424756958992,-0.5738606746921907,0.9822337639348693,-0.010162549684828373,0.6218114368301487,-0.060360250875056,19830760
11.271078726958415,0.41682637709430337,-0.44703271235626263,3.9270787086556673,-3.6934567646957572,-0.32942494032755537,0.3994125025718498,0.37531948912605256,19860410
0.12347350405186129,5.648961524405326,6.679746303829476,-0.7653167097928446,1.3621871167031314,-1.8558309050585604,-3.087897346070922,1.2781294443945035,20180786
15.282191891946345,-0.6130780776866193,-0.40533629936552906,3.11370528458531,2.088081842058976,1.150651577546781,-0.14104030794900224,-0.7692772756468297,20090294
2.0859356314008197,-0.726291303776821,-4.327926947312316,-3.9575792458626267,-2.1844398216294625,-2.8266624693419735,-0.578450755882029,1.0771640234773352,19990049
-3.1854851360549317,1.4023157880987618,-0.24667503505599167,1.359642946243564,0.6099268569881182,0.26577237375077317,-0.6818447965104999,-0.14270162938838316,19890008
0.33344454284668873,1.4715060429525852,-1.4862153533969582,-2.9317258560299817,0.523812387529738,0.009852248073042373,-0.17278508121800734,0.3658832167571471,20010140
-2.0194005001627557,-0.17275027150872022,1.130587249795471,0.9500691522712392,-0.20906517218014298,-2.140294665235845,-0.9060409976238736,-1.120427846374169,20160904
4.690365029978456,2.138190954255616,2.418824076883162,-0.23259934778802374,-2.6011095981618917,-4.548378357774613,-1.9548277139510406,-1.1464627249844774,20160281
1.3563727719429992,2.8706491721384038,2.102563862508076,1.478750285069421,-1.620214096851566,-0.7556061955370444,-1.1892836107479334,-0.18995659729285513,19900062
15.662169890965055,-0.5288389206645338,-0.10016123954958309,2.3422517661922653,-3.0641523215988546,1.2473995360314463,0.3479790357142759,0.342533073678722,20001113
-6.42749479924079,0.6923295899135189,-1.0042397487869683,0.49994174155635285,0.013128824413372748,-0.08023731103800036,-0.8096090023941936,-0.7849663520143538,19890443
6.08377452250685,1.3379541601598437,-2.625686521378271,2.1471438535314857,-2.052242807274399,0.040304018002025786,3.14949447094056,-1.8849148317506121,20190394
3.140331299167199,-4.876427132788251,3.7291100643501425,-1.6257519364196378,1.456850611702297,-1.592784874421699,-1.1401860232380525,-0.07713715475933218,19920535
-5.363190640256776,-0.9644746636644383,-1.5471360262254052,-0.4709052517695145,-1.8447802148996064,0.07941701944126622,-0.6150711227290215,-0.6451600671069412,20171173
-5.918139895527944,-0.7568483646115837,0.4915364214335245,1.5717725905620663,-1.2483601396609483,-0.34239959187628166,-0.9582744530563619,-0.6340395397946427,19961135
0.8316414725367919,1.1925112319695264,0.4787570991652791,2.0970429588270783,-2.341955832226867,-0.47606972538383235,-1.7104358436799207,-0.8252060224982899,20071042
-7.559262785338134,-2.738576308367908,-3.0271675142849004,2.363104335672418,2.4709383672569505,-0.8058158970497006,3.251950571128153,1.2041503105770204,19980972
1.3737963611206665,1.3465486913742486,-1.2541592395640417,0.49844527168978986,-1.8417980135418197,0.9766918042573868,-0.9454462443977136,-1.305182080651668,20111083
-1.8185063426503236,-5.264590012613213,-1.1128571468205115,3.570746358904269,-0.7678809437121966,2.359006770354405,1.4506813957897495,4.035483528417762,20110583
-0.37956634237710013,0.445158308786014,-0.7869908400606409,1.5087245383893233,-0.7767438847274798,-0.5257818556450632,-0.6991830097587313,-0.8735295495556037,20010391
-2.836484305576225,0.5653544519838702,-1.4594365212034097,0.4661939993620725,0.062342260052602363,-0.8630477270417869,0.42335473596920814,-0.28554444047724553,20091109
-4.4115638827685615,-0.23002847191866146,0.4364405372028118,-0.0088586511760072,0.6617771704674398,1.06354096451585,-0.645857485296159,-0.68749218044949,20060209
-3.453768289202631,-0.6800911164725711,-0.6919207282796147,1.7064693860485405,1.0252144256544826,1.987135823209681,-0.8751596391922037,-0.46388830807700043,20010124
7.6936331609312285,-0.08350831042754009,-0.7616801561596904,-2.20283053893186,0.28401274984237246,-1.339119342176818,1.3695653075676075,0.37502076007844676,19911055
-1.938063041239803,5.168793498945219,3.5769369917317784,-0.5418757102672295,1.2946622710508235,0.5622014985506412,-0.9559167364905868,0.8240990293488114,20060851
-4.553844532669584,-1.157831761270151,-2.383497674947766,-1.2363216009885345,-0.38466987714101364,1.9085284420734574,0.0887324939986184,-0.6718526968613434,20160395
-2.0951054207540665,1.2250131586539554,-1.8941217249623605,-0.6540774667662295,-0.35668941480065275,0.8593598446263282,-1.2419490595229572,-0.5211899857602756,19960081
-4.1157292259586145,-1.688684655933124,2.934813778807529,-0.874383983278949,0.511944525091954,-0.25386511069215123,1.277781058649492,0.46393288939737165,20050752
-3.733068664915721,-3.9832598657215033,1.8249056552127092,-0.045546327168430024,0.4779433603652463,-0.6682981762122978,0.6277587746608234,-1.352126817256371,19830832
12.262204496942811,-10.74454909782349,-1.8547037453268664,0.9921911939726878,0.5648267063187242,-0.6981165444589287,0.3731618953293934,1.9834348382793738,20080434
-3.8863747606009134,-2.270746994718808,0.36692816431851216,-0.21856791286092633,0.3902413452325274,-0.2302925792672705,-0.37220085978547857,-1.0094338209477431,20141063
4.407507450488074,5.489574846241816,5.335657841074411,-1.1322046082323123,2.0135154387700265,-1.5843196092966134,0.35764400657503925,-0.2131149503754389,19990749
-6.286286845653819,3.3090440085067594,-0.8694279378794191,1.222975512744807,-1.7090513054945045,-0.58450939712317,2.1431426321493774,0.6812116035704854,19970173
-6.294121246025855,-0.21315988708132877,-0.7129730798668809,0.44555987330542324,-1.7371159318434983,-0.40829974194322327,0.4966259020911865,-0.0626229218443326,20060602
-5.198079870469641,1.6511187480026759,-0.05600160652245292,-0.41639408625178065,-0.43641505829728405,-1.3626705528268648,-1.1164701925717015,0.36429625445113706,19950991
28.40472551031499,7.718466578415861,-3.804991177602787,3.3824293899818447,4.975153256214564,1.203026753179449,-1.0513019989038632,1.5372272786755825,20080350
8.7249837607258,-0.8452438422224987,-1.4807246812689816,2.7625274546226835,0.2526994756299226,1.3319491598412307,-0.3990016556044709,-0.10902233014587187,20160857
10.652816370902144,-9.129040459898595,2.022506555785174,-1.0568885586561299,-0.9629028419264398,0.3482259519183923,1.918016758084671,0.06323520411898101,19800601
-6.015327091192234,-1.168210262970007,-1.9041182965349093,2.4724747547589674,2.5372207978074517,-0.7557969069513265,1.1539615993323877,-0.4407651511475023,19870927
-4.828002390163703,-0.923853957698115,2.4525262180176677,0.19296113616886473,1.131167939980083,1.2230092107532282,-0.5046442482059057,-0.3329884275204274,19970538
8.47624432790521,0.15444409770492284,-0.8042672271940631,1.057176618986301,1.0561952212023988,-2.6918924825565687,-1.0343004619911447,-1.0178994038637046,19971038
4.167610455842858,-3.6417615264301566,1.5351896946220154,2.6419706257846958,-1.293658549291317,0.38511270939354475,-1.3724696562223149,0.7726733905117098,20130786
10.16126050376343,-5.431068760317584,3.0191153707255496,0.018292911339513343,2.826733662353476,1.754606217533242,3.0096793275144527,0.13897898161845845,20090774
-3.983903178173935,-1.3115016928016592,1.1020013021496542,0.11984161636742566,0.29672468716336636,0.19542625666102761,-0.7483871564759194,-1.5464964269454622,19960692
7.458491740602589,-0.6328767478072167,-1.5657964293740547,1.1157267801167485,-0.2566953804059995,0.7549327635184003,0.7409298869163059,-0.17887612826441532,20060249
-9.295014420684755,2.0147741914863926,1.2932255345055093,-1.4300924996875017,1.2517327749113565,0.5649935117906256,1.6799819370852016,0.6185396032737899,20100769
0.31130580711503997,-1.8151933660832895,-0.3833130143075089,-0.9069038028588869,0.675166582177367,-0.03817292220028619,-0.09717706108175989,-0.11729867666099171,20110830
10.03347484572837,-7.2659008418562605,1.9497752273319762,0.9437408764701124,1.103588621595751,2.303304693891045,0.21581617906820885,1.2853239195811643,20030427
0.5560485039254803,-2.232616338144777,-0.9725950626048177,3.417049298214726,1.2466363368289703,-1.5793398078939953,-0.7395877478710143,1.24367341222767,20010558
-3.4556668143884304,-1.0437171253724697,-1.229348478261146,2.1341386662708675,0.6867011201279791,0.8322122078982785,-0.827613723910003,-0.018511742965413677,19850118
-7.015170767355685,2.318359973137329,-0.8308415235116884,1.2903677753514646,0.0060966128391929456,-0.23867550836065982,0.2538850917001576,-0.7761088773349457,20150218
3.762840425778202,-0.18095499687271369,-2.1518718268076684,2.4296570117835747,-1.7206320036853644,1.200230112356708,0.9449376356663799,-0.317142726694044,20120611
-6.754036708693458,-0.3854693560493696,-0.35958428521740965,0.8346382500837646,0.3624986738357748,1.0389404889502158,-0.15946136287569415,-0.4159653972992407,20130461
0.698840494189397,1.2444284468516436,0.29703091103047363,-2.386818897255122,1.027603484485606,-1.9965617877936088,0.07367001026280216,1.6065263036539887,20131161
-6.694592180458714,1.343710082285603,4.779862316086811,1.0808749087774892,-0.3059884776562678,-0.48776350058262746,-0.10147484048300558,-0.1239564488644569,20000658
-7.115748018393107,4.936111780503541,-0.5418992698679065,-0.9191503683401012,0.12893299436503552,0.003467737778589799,-0.36925245303040877,0.5668260706183813,19791129
3.0396820701756533,1.2354626373442446,-0.6842359165366274,1.027201739501001,-2.5800095393071643,-1.5550432248507224,0.31472766775923544,1.276580607352233,20100453
3.55710224423237,0.22407317880949687,-1.8948241520714253,2.053398967420627,-0.20939220286307386,0.8917347626620897,-1.554742893664034,-0.13238915107002452,20070139
11.273767170500095,2.112682528351167,-1.888831400374651,3.262171656825745,3.7412266703837602,-0.9248110652457636,-0.29829309010417554,0.07469189477255092,20180333
-2.936780497019566,-1.5644942782962614,1.065811791449313,-0.013513604772004244,-0.6064712997563354,-0.1287967112318123,3.680653194087445,0.9638933209201168,19950547
0.8527110352073424,-3.313607338293791,0.6999380331432834,-0.7453284923319313,-0.6627736052160764,0.778645663352203,0.9970118715282386,-0.7709733887147556,19890334
-0.10115310317477673,-0.9547348783272777,3.78314551262829,-2.0177792459210044,-0.6287240189894041,0.21617925077094927,-0.9747142342430118,-0.8316887454572713,20120409
12.884760206778148,2.2186062047989967,-0.8481553046428884,-3.334349762983372,1.525155336975708,-0.6279750447674015,0.6913593786052931,0.6916773463503387,20020816
-3.824026539253633,-0.43083138150291206,1.0707535095655878,0.7134003990748905,0.28043244892092983,-0.29813087244640496,-0.8358171344854736,-0.575458258405194,19940737
-6.592670856350295,0.7668874047171077,-0.4898001582163692,0.9290484962296913,-0.5674179585725354,-0.9035873225299874,-0.1577722652408002,-0.6946231106057313,20050391
5.181882994240027,1.3055552134853452,1.0788781402705037,3.685459625496168,-4.91995360570038,0.3991877268995251,1.445774791609157,1.111159092831933,20190239
-1.2828083770086436,-0.6030119684781459,1.823919158353768,-0.26303782377453216,1.245247925796827,0.5253853056373655,0.11118109607883879,-0.5043151354062237,19821126
-4.567760464463962,1.6463540463809228,-1.9674565169289675,-2.4090471947897467,-0.3877190283062475,-0.4975556078817864,0.07028757787613228,0.39128942978748515,20050814
-3.965347656554324,0.46474831929518856,-0.1691811382424277,-0.5693813307582634,0.4614831426938368,-0.9359859620313749,-0.7289336490789369,-0.4989362952968826,20110358
-4.213016208045284,4.592863156759652,3.2965122615616234,0.3285303370773032,0.8046065354036182,-1.232381888765817,-1.4963979688887816,0.7181049189856783,19920545
-0.9538227132050057,-2.2832112433650793,-0.6679758875708378,1.8394107479527637,2.2260933985664817,1.0613431999526965,-0.5700570506906136,-0.3692770622473477,20071117
-1.3840289193395576,0.9277980354655078,-0.49464739337117947,2.0267492449820055,-0.5661872649184663,1.2353161190091355,-0.34517239117957227,-0.6486173901912893,19861021
-3.2801620945419736,-4.720926964608913,-2.168565033472288,-3.1647727408232944,-0.9023104284982155,-1.2043589194239976,0.17931166271649307,-0.8472896304520756,19930043
-3.048489020071105,-1.1005314761053628,1.3305657115791252,1.2100031584651534,0.19135910057401617,-2.9583106509397035,-1.0022802296949924,-0.33175954396522084,20130878
2.492694016219398,10.658804390655611,1.3727477301290842,-3.1062434782421566,0.8165767077642814,-3.039977278442262,1.658450906764933,0.5853440678828503,20150807
-0.9910007954323921,1.3937949296162429,-2.9626931865151667,0.0549796978455378,1.5367999056728885,-1.8714040530763594,2.3007842559993565,-1.9197125492485785,20160703
-2.647342198475114,-0.6706929604022398,-1.6591410931892057,2.4924586794843258,1.0149165360025092,-0.04747747803570727,0.7896290797128989,0.3937746045463677,19890979
8.448403981143862,2.725252505095168,5.005716663624698,2.6413636922491235,-5.798332170577834,0.17761784283800228,0.8323356719120508,1.8673763853506014,20190021
5.674616971219209,2.76881683324426,1.8512776917748053,0.9722266409762791,0.07166786839439442,-4.230070193404555,-2.0695427860461817,-0.8183872288928947,19880103
3.0228899590306417,4.149059217067266,3.472662637994114,0.08629511685005879,-1.1364853638605987,1.0942087439317079,0.19665475458004453,-0.5450066679115717,19850265
12.247746570646484,-1.2175485573914928,0.6685183573851298,-1.4587561231663404,-2.221029311703898,2.190353745400465,-1.2066513033581507,0.09956280093692692,20209525
-1.121639302419286,0.9971088062840452,0.8316740205596127,-3.6835750896646484,1.318548320302401,0.631064510066302,-0.6374297129580829,1.3424006850675787,20020587
9.305588973535402,-3.8958196754797507,3.043265552740655,-2.19032442114404,-0.30179802200834094,-1.7446862574116344,0.8638220548395861,-1.5309672744951741,19880581
-7.564157328484853,-0.29224535918194655,-1.6808290192420372,0.798718525188337,0.5927699142928018,-0.25151880073309724,0.1122071465119652,-0.7395793426663277,20090538
-1.600809658661447,1.9327308213673764,-0.8516046536465823,-0.30561307595933485,-1.1192776819324832,-0.6728859155245762,1.8810789192132593,0.48855129389943036,19800936
-4.3055416242657945,6.116902660590083,0.6462151032263618,0.39380808918151067,-2.263014128582449,0.09888915785567214,0.7395977602896497,0.5174488421315507,19801068
-4.412049452799871,-1.9605065320072748,0.8166047760851447,-0.26726797287180165,-0.7309322042960966,-1.8087126473503563,-0.9977709150527312,-1.0898283624620202,19860344
-5.137328902897544,3.160195406975077,-1.1080875715499972,-0.7332267685339949,0.8555930389697807,2.1180565722785514,-1.0353920742370986,0.6358337484146838,19821060
-2.211030148241902,-0.6214845986810207,-3.7602328091656725,-4.379401720750407,-0.09114246443532777,4.604986517753445,0.6292466695958592,1.0004318593640718,19860261
1.689602025835743,0.19875493950622428,-2.6902752099020546,-0.6043442728617787,-1.0191851697536976,1.8902053471069895,-0.5607867978346143,-0.7702958732740616,20031103
1.2200269138661093,1.4131790574384921,0.8765229933776637,0.4181954532206002,0.038161308225581315,-0.9136670494807159,0.24323900573498045,-0.9329056604902228,19850797
7.0420757967846965,6.088199273395444,4.160469274126958,-1.1557258418035508,1.237951359597817,-3.4052766460039727,0.07034000409252478,-1.0272974873344942,19910683
8.751719914055853,-3.2323146287527047,0.66765829757118,1.7757179343692713,-1.6806961835203753,1.3387493306616054,0.09167803842552705,-0.41355034075889313,20091095
-7.330374279506102,0.9444328994676763,3.0328005661109376,2.0419698014374634,0.05526643245954394,-0.9849344268940861,-0.2843937821103326,0.7870888946145275,20110655
11.630381208157727,15.650665843605545,-0.8637367776470262,-3.591420794533648,-0.2214093054613872,4.207186149360274,-1.5620457914197563,-1.0749706915408044,20205294
6.337851381506537,2.3463796788208846,1.7570202263071222,2.5139983060586437,-5.385748144265139,-0.07139297935641867,-0.1420828758527788,0.13035884694444272,19850371
-6.993009193545515,5.386314324599148,-0.05310904704810782,1.5606618386045403,-0.5598503926397354,0.39978460611654815,-0.10142510376921993,0.20241895104444532,19951141
2.136509329641194,2.3354444343405945,1.204647911842283,3.6082999677270444,-4.5540192580457095,-0.8836942779596243,1.3370658910284299,0.7395076351738146,20070092
-6.557885155233085,-1.7769603072926767,0.13218576971543214,-1.0876806114222608,-0.07960722920670124,2.363959923097179,0.5353893201069765,-0.2868215714023941,19830286
-5.614267213828899,1.095211090947396,-0.2737786061285388,-0.12079037016526334,-0.2364267878501938,-0.3589587624918753,-0.8674610354079904,-0.26909593822877037,19890895
2.6028180858402417,-1.9748255303205546,-1.2439944095544466,1.9372598819637366,-0.09762063204801545,0.33434070962050794,-0.39813354883273866,-0.1686605331267417,19800725
-4.002073347241993,-1.3968667314762364,3.4440042683492456,1.420747854305107,2.0053968761502197,0.7098413815423,-0.33792134024596177,-0.5647223841272727,19850253
-7.46701957087694,-1.1051306923774478,-0.1467036437904715,1.087393268310044,0.29482916696999406,-0.4966131517628522,-0.7016822317751483,0.451176506273185,20181133
2.648100179525255,-0.27867400907460116,-2.678761928942518,-1.8232889268941603,-0.24311365094702736,1.4152120528154357,0.1382986493266783,0.8044366744600473,19870926
-3.6296488482634293,2.1818056334906153,-3.119731400456218,-3.5379778073578523,0.8824884622933975,1.5923102535263902,0.6024085053767411,0.09107852777785977,20170687
-2.756720510888861,5.261223525088966,3.6997212221126747,-1.277791490225475,0.9724138596564551,-1.4875997446778468,-1.3072157605080421,0.9964658860627538,20080909
-1.2195079194878464,-8.639380240177662,5.633125333070809,1.7679408051397902,2.648121188864298,0.8336170484505374,1.1785411314843,1.7101497009700957,19951146
-5.82947604038276,2.581140639605672,1.8792861152286353,1.9620980234021426,-0.4621215879000011,0.0837390227690219,0.12397336945686156,0.025913980808895964,19960038
19.089192569310132,2.220324782756515,-4.218803639052158,-4.6328453878412,1.0697456846754902,3.0848932418703185,0.8932513948489115,-0.0018183138122031739,19890342
-4.89840173552618,-1.2594624838461117,-1.0095675400445137,0.615493991724802,-1.2743877817340241,-0.8190763738803328,-1.1973765868770245,-0.8164023097132178,20001163
0.07221266361379872,-5.912355504420887,0.5776267889501188,-2.321765474745123,-0.670712962482865,-0.7467298707746665,-0.9322343580648137,-0.6816694008722871,19870051
-6.28511320665981,-2.8169424637332643,1.8197240866269668,-0.5520750670608359,0.877387535981646,0.9189992092507197,0.7879771219749829,-1.1389993025922887,20208841
2.5345999113899285,-1.1879628767528352,1.4950431459484568,-0.5010137519414045,-0.9856377909835017,-0.5925385895615495,2.9722121849253456,-0.19832017122970066,19900847
2.481095290160714,-6.05913530422317,-3.3116921668754564,-5.33273807204278,-0.7229193142200985,-2.5193283511717532,-0.4687886650822778,0.9623841975951279,19910669
-7.731922011422957,3.3858896411279074,-0.7865107347297396,0.6967991277235658,-0.5460072232013595,-0.8477988871895502,-0.32416198557432285,0.4165731337166474,19980856
-1.9147607894371355,-0.08369717775131229,-0.2219920369111873,1.695110509321172,-0.9020736870407696,0.736329713513523,-0.31531319498806487,0.41118776397499435,19830021
-5.443153709914639,0.04190540260334501,-1.5026511383573722,0.4480473174562832,0.018238035976209117,-0.17804562480684652,-1.1190741367836554,-0.42577710680613745,19800259
3.4132353866137,-2.0774979137670275,-1.1527048613681812,2.9082522095465584,0.7928795750788366,-0.7934742996938028,0.18201767227811955,0.5840763447869823,19810430
1.4535253181253538,-2.4930816975459256,4.009266611932526,-1.8033307571930275,1.5891021054961842,2.4457592229875798,-0.08290935354067046,1.7786318434928103,19950453
-1.4857763198161524,-2.6862361723728148,2.8434853081816067,0.4165807757826242,-1.2494622884714814,-0.2005598560119864,-0.26411076369468606,-0.04726507522987419,20110013
5.630058132272298,-0.6033454879477088,-5.636440526195978,-6.388555323164194,0.8604835067802599,-0.21603084443327747,0.23190060118984868,1.1350743411647921,20140991
-5.107841016653279,-0.681939223703322,-0.6285225785779289,1.7271723539151653,-0.3700085749520967,-0.23736946197533562,-0.7229129310619176,-0.357763444314005,20090256
-1.8085138666448235,-3.4396711579402104,0.3298931659447509,0.5247960819336779,0.8947132475686023,0.45283986111842656,-0.9525931134971444,-0.20501871968255173,20071139
-2.7201604017768473,-1.8004898245871128,0.31998224683973925,2.772381759416438,-0.5764356961910532,-0.0973094270520893,-1.1566744849910973,0.8479268686549525,20110323
1.842737011898892,1.5271034030731419,-1.2654395059792836,0.9560525668963645,0.702097460646149,-0.3377392981385384,-1.0431622156209783,0.8692660432766288,19850053
18.670853035076732,1.4118437181969798,-5.164042392410767,3.6842263895167813,2.246788843546264,0.8424752170643215,-1.4005879707789368,-0.7939711156234944,19900990
-0.15919301530840912,2.7215949536871045,-3.0791176598767245,0.2825253809644588,-0.7253152364970441,0.2907308259662855,-0.006029587486905608,-0.4517510716797823,20111088
-1.5216802399365832,-4.52149245869727,0.06739561698642323,-0.3939313996431778,1.0806713980950375,1.6064294535293604,1.0122520274641837,-0.04554359600796921,19960945
-6.204701155220393,-0.08055177764500156,0.025343795272249763,0.42434534481805475,-3.275116972806346,1.5950191838536314,1.9557491226037231,0.05908366213018187,19950165
-5.611352501900556,-1.9604802669788985,1.3918465024811435,1.6888203261377592,1.5325645157529086,1.697254763149944,-1.2125990794147352,0.11284467764262408,19850124
5.761628779616312,-1.102235560496208,-2.906892385711058,2.9368530306741554,2.00399619630087,-0.8062058030152799,-0.8115440840470315,-0.25644677133485955,20040137
-6.536910270210797,-0.6745239300922681,-1.2583813848286243,0.6930178152994584,-0.47637391792008416,0.08365247955112702,-0.7882305625350561,-0.5671524765784042,19940082
-6.45420144101756,-3.1813302823002254,-3.5487343831299842,-3.137171216624473,-2.9989730467311455,-3.702065473809265,1.5957711400315806,-0.30932639810732593,19830894
-4.936039951772803,-2.228646037905047,-2.7135832265205786,-1.1369677642877964,-0.2930363505109221,-1.0843996803446465,-1.0863328423915184,0.4737041770825135,20041159
-0.026006186442895637,-1.0588744678246436,0.5185660663240085,-1.6062551100165838,0.45899841886041054,-2.5979230213418982,-0.26894529253220323,-0.13304122118104458,19960020
13.666908916364772,-1.1827501268376517,-2.1563208393627966,1.9056310626720387,-4.130184530998015,-0.9894180365243447,3.2406351150022488,0.3637018955506498,20090049
-3.8351039997849408,5.54867743635489,-2.2942197372302973,0.3878747867988362,-0.514341498152975,-0.8062447911966688,-1.2436922302342546,1.2679680204877852,19900058
-5.589485541856351,3.3725182926466846,-1.7971713541036656,-1.1308018663831745,-0.1180453550803004,-0.43222585265066626,-0.2621711754996249,1.0618170191225034,19930551
1.2753345113681827,-2.3934535892739044,0.5531809962778745,-0.49009932888857216,1.5057153170447,1.9513060534692328,-0.49842936779899905,-0.1837705331374785,20141068
-4.451876735259989,-1.8616524642324306,-1.1546177544572083,1.4512643947656811,0.1143566582244026,-0.5934009272771809,-1.1391000431921672,-0.16428233721312896,19850615
-1.6127470167668896,-4.374518612988491,-0.7938031178506897,-0.8679919542717813,-1.2404524479845067,-1.7216385939640835,-1.0962212425588045,-0.5089013787218056,19801112
2.891739259412099,-1.6556347031604677,1.2274404446700402,0.6303688708915556,0.1490203856481884,1.314868341040937,-0.6971190941177524,-0.1705056941845207,19981110
1.7403829441080372,-4.5527574628438225,3.310900217779468,-0.5899158193021583,0.018881176088294146,2.198627574775977,-0.9047425491244179,-0.1981873149379859,20010454
8.530835301801952,-4.803506005660914,1.5791934796936848,-1.6707462516847509,0.40707782005970033,2.527823734745229,0.6976182918975338,0.07615228531412484,20070902
-6.379146376326488,-4.954224355932935,-1.8964939098967781,-2.8932229579807265,1.168466456537326,1.6095448176189253,0.6464693659249348,0.8009675094625225,19810712
-1.5502459866402793,-0.9876662897417068,0.8455462680908106,-4.095233472015305,0.646702563899137,1.5880806101024902,-0.5015576612341536,0.7548179878567532,19970779
21.246951293947944,2.2350341161556164,0.6241056515684508,1.742080479188356,0.3837421871011911,-3.9039687411793866,1.5000479978428765,-0.07685970405322048,20020087
-6.22383825328992,-0.06895497460238682,1.2100130415854002,0.9543691610236448,-0.3181013117564447,-0.6984842635308022,-0.6965596630191223,-0.10987534669811731,20190987
10.43533572904597,-1.1706845020970913,4.0012672241115546,-1.9057990955906876,-1.273551572415153,1.5784271185384935,2.42240105779528,-0.7932425643272062,20190257
12.794746059428649,0.6919772716732822,-0.5061693602301093,3.2146766954738357,1.9881117133049078,-0.6093079722829109,0.7087659047033864,0.3145264703487388,20110785
30.258242139253372,-3.491277941864352,4.544159200978777,-0.9032854035131115,2.6777964712591555,-3.7813744318763507,3.1035022041815306,0.8038759841028472,19820602
-0.9374558387621257,3.689852963500861,-1.3208370117839134,-1.544181967705719,0.8558150222073271,0.2758479089106293,-0.5480851808244567,0.30508725176055157,20020461
6.193466762575274,1.596883936974116,-3.885550032333185,-0.08011101372394536,1.4631081822042418,-1.4025102257913429,0.1010804749342323,-0.2946300285684848,19810229
-7.042371213258762,-0.05643384872085029,-0.8251315411567787,1.0629428537104597,-0.27098714429972637,-0.13238053922541304,-0.7512508907218994,-0.7341880195075627,20101185
-6.693761854228247,1.2005205138275066,1.3477022998667094,-0.2344282399371627,1.1295194120707692,-0.5214904178701253,0.07806864911698581,0.3421169675823013,19950962
4.69799321397392,9.316207204730954,3.0898146494047674,0.2432857391219188,0.4062136069105509,7.31020657802237,-0.48661322416627145,-3.6290960712236062,19950815
-3.6110307602554377,2.3316124740526583,2.260938863554806,0.06832006164977925,0.4644738548598204,0.9736370337746639,0.5305299225050715,0.2692515985308339,19830881
1.1309602303771196,14.196216139693908,-3.4364920068541167,-6.22360816395406,-0.3352926354011453,-3.186700162908902,-0.9485973808977144,4.341442694577107,19920766
6.763948851430697,-1.5306727378828857,3.456756580821708,-4.037431611483635,0.9397340231918645,0.16092647232399018,1.6669089331943763,-1.268330767386379,20180910
7.618060852644319,2.815305646439756,-0.4263054751890084,2.097735296392533,-1.486336889840534,0.4722000415360726,-0.536639418476993,1.4269278705458055,19870080
13.73577860020829,-1.2006986706662897,-1.6658908080495314,1.3540093648281781,0.7214590265246181,0.3598051778282287,0.5754420178446217,0.2077342359305174,20140623
-1.5115172398084125,0.23161142745521676,1.0768487804192497,-1.5486420288627947,1.460428214304232,-0.27330372807983,-0.4758514055429099,-0.46175899448521124,19821009
-2.1688462732204012,0.060993367990643435,0.37077996043813993,2.5924599691117987,0.265025353599001,1.755189091669234,-1.1589768148992228,0.5642575742108424,20050246
-2.1052502178574706,3.3319613642486066,-2.1254782124581455,-3.7168748563847664,0.5505596972136625,-2.2078829073858306,0.3435550039471375,1.0256632179451206,19950146
4.148609819196884,-6.703067693653879,-0.8555727724223319,1.7396109138565092,-4.563966904219163,-0.3785438678320746,-2.186664400630652,2.8857908698512627,20010346
-9.620001893933518,0.2124591859692709,0.8690124077641429,0.10913693353920675,0.5587910907775663,-0.022146335087436932,0.9057882352696924,0.17126745118164777,20130902
-2.10098067021937,-0.8228019270994475,-0.6849496614077588,-0.5062274513912893,-1.2340550427570096,1.9406187201962228,-0.8619963307901357,-0.31644190750800333,19810052
-0.5333974130180074,-0.23847568859955406,-1.1994169029378188,2.3075876654487244,-0.2000791414373025,0.17163694541882873,-0.614086304581308,-0.813529091677994,20000136
4.608672777841832,-1.9950650995289205,0.8513505473902747,1.4804242342666225,0.34128215794703776,0.01030806451988242,-1.774108712730145,-0.6967011951215714,20030495
-5.678513347396918,1.8784133676264685,0.5289284359244182,1.4805685489172515,-0.48006889141500486,0.6137497511552942,2.388391035901413,0.35359384975922054,20191042
-6.609911310984606,-1.7601214537546779,4.950988923422397,-3.222826196002379,0.9769892009037198,-0.9601932401515093,-0.37578803486049533,0.5829892073896605,19820699
-4.602927886897669,3.7985229028957934,1.2111741189203487,0.6390171744036144,1.3574253831127254,1.026621110336625,-0.7649919449579803,1.071289872848784,20040953
-1.671658026389199,-5.342434017866634,1.3324101285641892,-2.9770232869603643,-0.15806609589791398,-2.0875387145454125,-0.02941363828906396,-0.7716149836890106,19950954
2.4435898871528754,0.9857145700359792,0.7436580100227994,0.46844354136219785,-2.3405474014897987,-0.43513983461571193,0.02103866068241304,-0.0990972259874035,19790237
-5.057409028703221,0.6290317333436489,-3.662021099848924,-0.8192978535701327,-0.33381217674547725,0.06552390299267054,-0.5494870706547171,0.08145489998318388,20000054
-1.115538581227491,-1.4161481235668785,-2.263434220807742,-4.8341842390936876,0.5473263035341158,2.845677716031272,0.8390377531411369,0.09064771815261448,19810736
-9.991321359119379,6.002958044279087,-0.9196758714359361,-0.6746911879540058,-0.07582112484996216,-0.6295666811548745,0.8362604076381831,1.2633596442964612,20111013
0.18049726867879282,-1.1119725749883689,-0.7310573124838274,-0.9942284366331336,-0.11778717965764345,-0.029061265935267633,-0.005812770925344851,-0.6904106618484783,19970687
1.5924011651213803,-2.668454638408443,3.2596982013397913,-3.9704617569215497,2.151713728992348,6.065221566659907,0.4292737530388722,1.3435265732328001,20070578
-4.791291973584303,0.41340759228943474,-0.855896036737816,-0.1660599457827495,0.02408706132033505,-0.5327268599780015,-0.9025643023798289,-0.528629764398433,20051107
2.996168613112261,-5.284251543616031,1.4925591026700424,-1.3148287207915799,-0.04370128515525978,-0.367817151087488,0.7350211058824501,-0.24328998373529015,19980895
-4.202296394863378,-4.014156007736292,-3.9897273867873357,-2.7246749961115633,-0.8289393829587254,0.45435636765343856,0.27363228343529444,-0.381091762136756,19830257
-6.518915665201135,-0.18232096106060844,-0.38809817152928594,1.4385218299046711,0.4519071108877388,0.8335660523744183,-1.2404390551972386,-0.40361464354638643,20060344
3.5099982015577216,1.2593240522527382,-0.5947470477799995,1.6933890255696042,0.7363681807743883,0.5481171417074352,-0.9014404003103813,-0.19028071003252836,20161051
12.54499735760313,0.9766895843734409,-0.4904641351964004,1.7702183126309563,-1.4980012733281982,-0.41719775205797316,0.44120692418354823,-0.8866016202238948,19830250
-4.551016958611045,4.544589359934421,2.8082004736664565,0.05184778149618655,1.188984341324694,0.45911261620410526,-0.09555971886345961,0.17662990014736885,19830205
2.9030713575810085,0.2664533040863849,1.8417307226252762,0.60972341667562,-2.059187327351606,0.6772259337982076,-0.8986762515251971,-0.6630850828267726,19831074
-6.540050702504062,-0.9798121287287836,-1.2886828667271955,1.66611079863474,-0.010416599959236678,-0.22148312018200797,-0.4929906463108883,-0.62602834035128,19790168
-1.0364167588936617,1.1698830093123664,-3.74107567764959,-3.362896937049678,-0.47723119382292506,0.7056682157369472,-0.7170806287138579,0.9788802335330679,19990699
-4.575799196567215,-1.245489749354794,-1.5496870364454798,0.2318835515844444,-0.21962430599445376,-0.12869977302434008,-0.3835541644808902,-1.2077735175143192,19960286
-1.1769787745366125,-2.2783100891270838,0.23159957063031622,1.5444381568659493,-0.839697612914201,-0.8146065022584732,-1.6485750485867725,-0.40846285754742284,19820817
-6.421221250737997,-1.1331352944749533,-0.4492295408155986,0.698652267817411,0.3698951005153876,1.1208216794286388,-0.7249609492365532,-0.6757480892442546,19910023
1.6957365819063037,1.8582178381130066,0.07744833066455901,1.1885581731601553,-1.2165938131423484,-2.4834733555115185,8.26894322117086,1.0625424528560417,20170832
18.330238591480583,4.0369072982142225,-0.37325338407030434,0.6288193816869863,-3.8666038666677967,0.2763344876450544,-1.6297512093697928,-0.5825132828833929,20160195
-5.048070978023992,0.210763454690246,-1.768275589708825,0.19211757975631433,-0.5925600303173193,-0.9962252807018944,-0.8888459308901757,-0.3406339211602084,20151014
-3.438929336505908,8.411371071074873,1.7673245902661925,0.8091694358083785,-3.019250984193232,0.7276224488973688,6.419346157219812,0.8874445429756291,20110365
-7.828154244914357,1.783913974226853,-0.2743671238230071,1.5066134897372878,1.1389321944053472,0.5950649444197358,0.6649375224858218,0.7830165040184415,20120693
-5.542303537076323,-3.576171076183384,1.3063475834991654,0.7815080528623526,1.9286112683921617,0.39166486891553365,0.025231838692606118,-0.05931599511815534,19991216
1.083686020334251,-0.05850810939015759,1.3193067236399698,-0.3226329547545758,1.1000705040480807,1.6111366003470553,0.8599621188294007,-2.48288815719361,20020467
0.708601750501556,-6.996088606473024,1.3979014026159688,0.938744352697247,-0.9002454166490635,1.4450633248258684,3.2230476399460413,3.1610035872177065,19890495
9.760264567468877,0.25112242942143054,2.0399999501424135,-1.7871470575652189,0.2647815209950833,-0.42323004451773827,0.8322883009144796,0.002719268527195063,20170027
8.894888080440065,2.6260311140735157,-1.6878762069662656,0.02324217276521519,1.8091085352563947,-1.4775149495771251,0.8266946530221931,-0.07245439567214268,20010618
1.9791759199252796,-0.9066415739414054,2.2987124810521387,-3.367422591277962,0.47451871314210037,0.4236312788766628,-0.6231961917093558,0.02763269537716697,19991186
0.5253896857565741,-1.0543814595459104,-1.5592144914531283,2.273525587002487,1.2622096923556454,2.2286547419546823,0.43676259544593593,0.5504441562098875,19811184
-3.855797839514924,-3.211192854575105,1.1653529172209247,-0.3882858275369602,-0.1912440182547427,-1.1676917026452456,0.44611275238775083,-0.32695658092532937,19840683
2.770014867774559,3.4362317320367977,3.601844418668114,-1.9687965089034978,2.1906669199876587,0.734043441680785,-1.6946320633063463,0.4202572560669486,20000712
-3.633954613922131,-1.158223544383095,1.0555752660013016,1.9217666830156341,0.7512009736708529,0.9805218091041968,0.11382363266882495,-0.8704124505799806,19821079
5.731148244926708,2.3159988543328383,-2.9139684842568947,3.485482124541715,1.3359976261010391,0.7950052802503584,1.6289171575029813,-0.2763436819185021,19850654
-3.0885043361316042,-0.6002046830668541,-2.7626087944166238,-1.8443328592640305,0.0235684917936981,1.11642674664398,1.46308512873216,-0.08958171565478858,19940231
6.24454296699714,-0.12843110561753443,-2.442608781837147,-0.5459335400579768,3.3409517828528967,-3.3127976719614813,-1.8138730702986217,-1.6067600053971685,20190598
-4.565118147900674,7.45544374993902,2.2059213046980166,1.3401891567415836,-3.140152237270037,-0.13432381346324782,4.158135364417644,1.26992512101833,20204121
-8.889182283106464,2.2886730935615605,0.11330678220080628,1.194553909932396,-1.7824763522288716,-0.19959132002894617,0.7463988816028734,0.1014392351680166,20161143
2.3194801574569492,-5.158115197762208,-0.9313309500644438,-2.560492251552089,-0.4944128229410801,0.07720769355860929,0.4252102684465895,0.7838416825954139,19930886
-7.008525165429151,1.8854534608445042,-0.8989358585568897,0.8739571801634338,0.4849921205508536,1.0085790879345373,-0.4828246180526511,-0.6990573998646925,19800190
4.589773738224162,3.801367176285378,1.563262181313716,-0.1654538251712154,-2.12993906724184,-0.5551511579321551,0.6201112483889979,0.7361217798305518,19930557
-6.491599031859317,-3.9492037046692325,-0.4315181142645505,-1.5909149532736204,-1.3632938118741762,-3.047788907517697,0.8322665048180407,-0.7355241773841779,20150669
4.444039216259708,-1.0862199717628167,-5.3637993441370275,3.450912563888557,6.429248866972425,-0.866457968572503,-0.28512870612516994,-1.4209394776998787,20101019
-2.503979791879524,2.3782797263614945,0.7571417699715534,1.2861099137060406,0.5278005283180379,-0.20722216569674556,0.5080638605283385,-0.48443535048612973,19920056
14.594379029515519,-3.2660744061637033,-2.731700002537195,3.826876785000275,7.7589508633453095,0.1291304781577505,0.27845077378434013,4.029912089360192,20170634
1.5764112056436037,-1.9908887864775082,-2.7853698216849887,-3.1047691052312563,-1.392705361190385,0.13488908968809904,-0.26524862793485027,-0.4679421179872966,19970204
-1.659820881475239,-4.941952756231584,3.254983926127838,-0.5304255852844632,0.03213092755939379,0.30422212405257837,0.7800160798789021,0.3249678451560162,20040458
-4.00152904769133,-3.0937194555309007,3.7688339910470647,-0.5211845048800103,1.2547231898157067,1.4848587500942163,0.2683619529108408,-1.0060495619651035,20130734
-5.24001498627658,2.094771022157815,-0.3266981054058327,-1.0252830857834252,1.031323151368932,-1.4585526822826054,1.323584719496335,-1.1437380907804757,20080642
0.7228400594035154,-0.44768463589282986,-0.25608107818100107,2.8554890483422617,-3.265751022994321,1.1789864122229885,-0.18001425279610175,0.5985678048354135,20010222
22.39527565595045,2.556859180801062,-3.9143738319266177,0.8044793788874021,0.7761003505900234,-0.5829405081201935,-1.6264391280482526,1.8023464335734027,20030509
8.358133276266232,-3.876750213528884,-0.37286577698693996,-4.1981065058404585,-0.6960628677408017,0.3677912813778491,-0.1657266295671734,-0.13789994297466207,19820911
-2.1420668259528526,-3.579585250000865,2.055358103377663,-0.5316862336790344,0.2427138188206208,1.033302407264593,0.047001653954149146,-0.07099466884652117,20170595
-6.733369956335467,4.9852029265983555,0.7224355311413758,0.3157836539165301,-0.020973786467498697,-1.513312293803206,0.4649414611122068,0.3107271302739391,20190503
3.3888037694520934,2.9207852126315315,7.575863980156386,-0.3245714026567494,2.50388012200963,0.870659790255904,-1.6188638273035307,0.9431182837472766,20080610
9.301667833063217,-2.5242273017733887,0.012475438795706707,2.584330917264891,-2.7641495317255833,1.0442875259698305,-0.410461009815985,0.8888597516563502,19861092
-2.738224312423918,4.0151451105368405,0.25979939281099185,-0.1259265876949537,0.10539132090685709,0.8919523675310276,-0.9693293184597135,0.6047313541818508,20051154
-5.631934952003793,-1.2589162341446738,0.992763052538854,0.4389562133389998,0.630694764085792,0.1572750491110548,-0.9861583239686201,-0.17622662830228208,20141185
5.054216904892332,3.8529523964282366,1.0192191288773416,-4.169833338616377,0.95511536069375,-0.979625118921315,-0.5583454751701439,-0.5585945207544911,19911119
-3.9898488493914144,-1.178582599216409,0.30387840457181536,1.5655719463936368,-1.1851970320276362,0.6380288166831781,0.5382815909100582,0.3242382540993062,20140284
-10.558131342822376,1.0304938590211623,1.101824359539568,0.15382857285418075,-1.3312473377390321,-0.4022380810983096,2.6388730191546657,-0.11596625182458689,20040837
7.528393337034557,0.5072170495923786,-0.02159755594373042,3.1878737858358077,-3.9274873109126838,-0.023743028077978054,0.6475762829854737,0.20699874859821216,19820026
-6.935730327634337,-1.2259446981800621,-1.518366445877798,1.6304830648565545,-0.3790605374696328,-0.029376201126593393,-0.5350749460283994,-0.3694702162259078,19990173
-6.8211326174333635,6.050660425854403,3.939606585567613,1.3584240181263185,-1.6906321269917255,0.08030793996242366,0.3718638178877965,-0.26848152100153594,20090475
-5.478219120307594,-0.6377962893091501,-0.5379713395625437,1.277279091743699,-0.33635438235369247,0.6100247988018146,-0.6809107215455182,-0.5845031921092351,19870079
-0.6548615716104096,2.1191754257228004,2.9292535616365925,1.891542631075535,2.1953720891780377,3.0492030578560474,-1.346413664773094,0.5999303596593006,19810189
3.7581111887290106,1.3273541822239374,0.25750525630046184,-0.46816483989475977,1.2827049034966078,1.1677928700748912,0.10103147133104205,0.005845407260288494,20080126
3.6913131468216376,2.1080032528829036,-2.6439927752161023,-0.6212977161503155,1.4526381434605298,-0.4976783816680525,-0.02172601056884882,-0.35081141615528816,20160949
4.3447830503184095,2.2001242338372404,-4.494524565750397,-1.6367028129991112,-0.3993907531534204,1.267376899086332,0.5417148338519066,-0.2567186877241962,19840797
13.068367956924739,-1.2763770003102566,2.1243338686925033,-1.157051864607963,-0.5538388444927936,3.5237410070229447,0.16124434788017927,-0.9586698314873906,19790430
0.06961428163915055,-3.8823840404172674,-0.14317454661662615,-0.482032941206831,-0.01935804465870545,-1.185388445332348,-1.4807965962248961,0.49866876259793314,19830532
3.30594822317837,0.7468945190351247,-2.85123030303152,-2.4343336867099645,-0.4572525372460653,-0.026770167782608215,0.27923494975614166,-0.27436922417522347,19930987
-3.8415579787832215,-1.1650891566149375,0.09980076922896575,2.005509164989863,0.5634431884941616,0.34024894485167073,-0.4376231877587656,0.05825661550140716,20130143
0.8835535958596833,-2.7191552719919074,-0.00710470556993909,2.6156815771998128,-0.18576615637560873,-0.07945167222656165,-1.0829426810039238,0.8480147061742276,20101090
-6.010144390867446,-1.2166631530026435,-2.1362322178850675,-0.4673926415160085,-0.9389801311194378,-0.9755614637457387,-0.7148181732009188,-0.6816700485299649,20200288
4.115162574105848,0.6753400649182676,0.7676000386526826,0.3317224904001698,0.06601418192870002,0.8776601044915131,1.4074040655835858,-2.497863354665768,19830417
-5.860774014633506,5.761661054937596,0.8103408132781947,1.5110342662976233,0.9727395055865146,2.1518323432927904,0.43024507124861344,-0.526462232867952,19830849
13.653107285295869,1.6733676567671754,1.913609149185109,-2.7875545438593177,-1.2164743558850148,-5.87650869316367,-3.382769637657726,0.8390674851479436,20160343
-7.00209426811195,0.26445491373838687,-0.6327721320813232,1.218540678454382,-0.30854177275191347,-0.5354724770196032,-1.0482541574194706,-0.6266367909613548,19960002
